road_nm,inst_plc,fac_hght,fac_wdth,fac_lngth,sprtn,cntns,lon,lat
엘지로,김경자소문난대구왕뽈찜 인근,10,360,1000,Y,N,127.0798715,37.1260583
동부대로,오산볼트공구 부근,10,360,800,Y,N,127.0793403,37.1265251
동부대로,한솔애드 앞,10,360,500,Y,N,127.0770117,37.1273294
동부대로,알엠 인근,10,360,1100,Y,N,127.0773186,37.1275603
동부대로,일렉파워전자 앞,10,360,1100,Y,N,127.0780473,37.1275733
청호로,오산자이아파트 부근,10,360,700,Y,N,127.0810392,37.1288238
청호로,오산자이아파트 부근,10,360,400,N,N,127.0805247,37.1291958
청호로,오산청호엘리시아아파트 101동 11시방향,10,360,600,Y,N,127.0813266,37.12920658
청호로,오산청호엘리시아아파트 앞,10,360,600,Y,N,127.0813266,37.1292336
청호로,오산청호엘리시아아파트 102동 11시방향,10,360,600,Y,N,127.0816337,37.12963888
엘지로,휴먼시아아파트 앞,10,360,700,Y,N,127.0890604,37.1291176
엘지로,오산청호아파트 버스정류장 정면,10,360,600,Y,N,127.0890324,37.1291177
청이로,청이로 23 3시방면,10,360,600,Y,N,127.0858703,37.12924618
엘지로,휴먼시아아파트 옆,10,360,700,Y,N,127.0858562,37.1292664
엘지로,가족민물매운탕 9시방향,10,360,1200,Y,N,127.0895955,37.12950023
엘지로,휴먼시아아파트 앞,10,360,1100,Y,N,127.0895364,37.1295227
남부대로,오산휴먼시아아파트 101동 10시방향,10,360,700,Y,N,127.0855531,37.12994248
엘지로,휴먼시아아파트 앞,10,360,900,Y,N,127.0856799,37.1300752
남부대로,오능이 부근,10,360,1400,Y,N,127.0890675,37.1303273
경기대로,갈곶초 부근,10,360,600,Y,N,127.0716651,37.1257752
경기대로,갈곶동성당 앞,10,360,900,Y,N,127.072456,37.1291807
경기대로,갈곶피오레아파트 입구,10,360,400,Y,N,127.0723351,37.1293071
오산로,서울제일교회 옆,10,360,600,Y,N,127.0717012,37.13137301
경기대로,김경옥가마솥추어탕 옆,10,360,300,Y,N,127.0719773,37.1317964
경기대로,원동현대힐스테이트아파트 후문 근방,10,360,600,Y,N,127.0739957,37.13294178
경기대로,힐스테이트후문앞.소리울도서관 버스정류장 앞,10,360,600,Y,N,127.0733745,37.13354813
경기대로,하늘땅교회앞,10,360,600,Y,N,127.0731215,37.13375328
경기대로,동부삼환 버스정류장 우측 30m,10,360,600,Y,N,127.0716444,37.13375644
남부대로,원동119안전센터 앞,10,360,600,Y,N,127.0723591,37.13378078
청호로,오산청호엘리시아아파트 앞,10,360,600,Y,N,127.0816534,37.1296636
청호로,오산청호엘리시아아파트 앞,10,360,1100,Y,N,127.0820534,37.13008011
동부대로,오산자이아파트 부근,10,360,400,N,N,127.0798646,37.1301491
청호로,엘리시아정문 버스정류장 1시방향,10,360,600,Y,N,127.082183,37.13026925
청호로,오산청호엘리시아아파트 앞,10,360,600,Y,N,127.082214,37.1302985
동부대로,오산자이아파트 부근,10,360,400,N,N,127.0797101,37.1303745
청호로,행복나무어린이집11시방향,10,360,600,Y,N,127.0824339,37.13068807
청호로,오산청호엘리시아아파트 앞,10,360,600,Y,N,127.0824366,37.1306948
동부대로,품어주는교회 앞,10,360,500,Y,N,127.0792895,37.1317376
동부대로,오산자이아파트 앞,10,360,700,Y,N,127.0795541,37.1317961
남부대로,오능이 앞,10,360,1400,Y,N,127.0887611,37.1304537
남부대로,행복한교회 6시방향,10,360,700,Y,N,127.0861756,37.13051646
엘지로,휴먼시아아파트 앞,10,360,900,Y,N,127.0861924,37.1305277
남부대로,차이나짬뽕 3시방향,10,360,700,Y,N,127.0867106,37.13099363
동부대로,오산자이아파트 옆,10,360,1100,Y,N,127.0832361,37.1310456
엘지로,오산청호행복주택아파트 앞,10,360,900,Y,N,127.0867331,37.1310521
청호로,영재빌딩 앞,10,360,1100,Y,N,127.0841141,37.1312838
남부대로,청호지역아동센터 앞,10,360,300,Y,N,127.0837291,37.1316805
청호로,순복음새중앙교회 앞,10,360,1100,Y,N,127.0849844,37.1320919
남부대로,진성빌딩 앞,10,360,300,Y,N,127.0839295,37.1322773
동부대로,오산자이아파트 앞,10,360,500,Y,N,127.0798074,37.1319941
동부대로,GS아파트정문 버스정류장 정면,10,360,400,Y,N,127.0798216,37.13199639
동부대로,오산자이아파트 103동 우측 도로,10,360,900,Y,N,127.081538,37.13223175
동부대로,오산자이아파트 옆,10,360,700,Y,N,127.0815436,37.1322431
경기대로,소리울도서관 앞,10,360,600,Y,Y,127.0746816,37.13228132
경기대로,소리울도서관 앞,10,360,600,Y,Y,127.0745494,37.13237827
경기대로,소리울도서관 앞,10,360,600,Y,Y,127.0745129,37.13241884
남부대로,고현아이파크 후문,10,360,800,Y,Y,127.0786691,37.1331234
남부대로,고현아이파크 후문,10,360,800,Y,Y,127.0787311,37.1331504
남부대로,융창상사 부근,10,360,500,N,N,127.0767701,37.1336271
남부대로,고현초 부근,10,360,1400,Y,N,127.0858822,37.1324134
남부대로,LG아파트 앞,10,360,300,N,N,127.0830856,37.1324244
남부대로,해오름어린이집 앞,10,360,400,Y,N,127.0840592,37.1325025
남부대로,태은빌 앞,10,360,400,Y,N,127.0844706,37.1325608
남부대로,고현초 앞,10,360,1400,Y,N,127.0851962,37.1328621
남부대로,고현초 앞,10,360,1400,Y,N,127.0847352,37.1331981
남부대로,춘희감자탕 인근,10,360,500,Y,N,127.0839761,37.1337415
남부대로,춘희감자탕 인근,10,360,500,Y,N,127.0840213,37.1338722
남부대로,고현초 인근,10,360,500,N,N,127.0845954,37.1339844
남부대로,오산오토 앞,10,360,500,Y,N,127.0832647,37.1341047
남부대로,오산빌리지 인근,10,360,700,Y,N,127.0828768,37.1344294
남부대로,카페도란도란 부근,10,360,300,N,N,127.0835718,37.1344807
남부대로,우촌경노회관 인근,10,360,500,Y,N,127.0845932,37.1345363
남부대로,카페도란도란 앞,10,360,300,N,N,127.0836131,37.1345798
남부대로,이림유치원 앞,10,360,500,N,N,127.0846393,37.1355364
남부대로,CU 원동푸르지오점 앞,10,360,900,Y,N,127.0825157,37.13607861
남부대로,오산원동푸르지오아파트 112동 앞,10,360,600,Y,N,127.0832164,37.13616823
남부대로441번길,남부대로441번길 35 앞,10,360,300,N,N,127.0843199,37.13666303
남부대로441번길,남부대로441번길 39 앞,10,360,300,N,N,127.0844357,37.13706392
남부대로,지예뜰유치원 버스정류장 앞,10,360,600,Y,N,127.0836507,37.13712079
남부대로,고현아이파크 정문,10,360,800,Y,N,127.0811854,37.1340634
남부대로,베스트홍치과 부근,10,360,1100,Y,N,127.0821431,37.1350207
남부대로,천상대게 앞,0,360,600,Y,N,127.0801743,37.1357175
경기대로148번길,하나님의교회 앞,10,360,600,Y,N,127.0755637,37.13665542
밀머리로,경기대로148번길 24 앞,10,360,600,N,N,127.0753225,37.1373584
밀머리로,장모님감자탕 앞,10,360,600,Y,N,127.0755339,37.13781105
경기대로148번길,공룡국수 앞,10,360,600,N,N,127.0749459,37.13784747
동부대로,세븐일레븐 오산태영지강점 앞,10,360,600,Y,N,127.0768823,37.13842065
동부대로,오산태영아파트 101동 앞,10,360,600,Y,N,127.0765137,37.1384254
밀머리로,박군치킨 원동점 앞,10,360,600,Y,N,127.0749635,37.13857957
경기대로,감탄떡볶이 원동점 앞,10,360,600,Y,N,127.0721287,37.13413234
남부대로,한국전력공사 오산지사 주차장입구 앞,10,360,600,Y,N,127.0721269,37.13520911
남부대로,원동 513-4번지,10,360,300,Y,N,127.073067,37.135679
경기대로,KFC 오산DT점 주차장앞,10,360,400,Y,N,127.0735551,37.13696079
경기대로148번길,오산농협 원동지점 앞,10,360,600,Y,N,127.0736432,37.13789559
오산로132번길,오산원일중학교 앞,10,360,600,Y,N,127.0719427,37.13975507
오산로132번길,이마트 주차장 출구앞,10,360,600,Y,N,127.0719713,37.14022811
밀머리로1번길,원리주공아파트.한국병원.이마트 버스정류장 앞,10,360,600,Y,N,127.0741814,37.14157383
오산로178번길,오산로178번길 34 앞,10,360,400,N,N,127.0721569,37.14308661
경기대로,경기대로 207-17 앞,10,360,400,N,N,127.0726016,37.14323502
경기대로,갈곶초 부근,10,360,300,Y,N,127.0712513,37.1256426
엘지로,한일아파트 앞,10,360,600,Y,N,127.0705264,37.126667
엘지로,한일아파트 앞,10,360,600,Y,N,127.0703494,37.1268663
엘지로,오산시현대힐스테이트 후문,10,360,600,Y,N,127.0696521,37.1273285
경기대로,오산가구아울렛 앞,10,360,500,N,N,127.0697601,37.1285313
경기대로,순복음오산교회 앞,10,360,300,N,N,127.0703679,37.1286797
경기대로,예솔어린이집 옆,10,360,600,Y,N,127.0710103,37.1296659
오산로,오산세종병원 앞,10,360,700,Y,N,127.0669601,37.1277265
경기대로,재경주택 옆,10,360,600,Y,N,127.0686544,37.1284464
경기대로,재경주택 옆,10,360,300,Y,N,127.0686433,37.1287032
오산로,원조남원추어탕 부근,10,360,700,Y,N,127.0672367,37.1287986
경기대로,N마트 옆,10,360,600,Y,N,127.0684722,37.1291899
오산로,N마트 부근,10,360,800,Y,N,127.0683065,37.1295256
오산로,화남아파트 내부,10,360,500,Y,N,127.0671025,37.1297245
오산로,화남아파트 정문,10,360,500,Y,N,127.0672264,37.1297741
오산로,화남아파트 내부,10,360,500,Y,N,127.0668803,37.1298081
오산로,태양아파트 옆,10,360,600,Y,N,127.0680226,37.1298434
오산로,화남아파트 내부,10,360,500,Y,N,127.0670407,37.1298597
오산로,소망빌 앞,10,360,600,Y,N,127.0690168,37.1310142
오산로,오산KCC스위첸아파트 정문 앞,10,360,900,Y,N,127.0678948,37.1316073
오산로,오산KCC스위첸아파트 인근,10,360,600,Y,N,127.0678136,37.13213001
오산로,양지뜰 앞,10,360,700,Y,N,127.0682868,37.1326185
오산로,우방힐타운아파트 내부,10,360,500,N,N,127.0674465,37.1336958
오산로,우방힐타운아파트 정문,10,360,700,N,N,127.0686761,37.1337063
오산로,우방힐타운아파트 정문,10,360,300,Y,N,127.0689095,37.1337131
오산로,우방힐타운아파트 내부,10,360,500,N,N,127.0674915,37.1337476
경기대로,동부아파트 부근,10,360,600,Y,N,127.0700403,37.1303851
오산로,갈곶원룸텔 앞,10,360,600,Y,N,127.0698157,37.1308403
오산로,대원벨칸토음악학원 앞,10,360,600,Y,N,127.0712538,37.1313688
오산로,MTA독수리태권도 부근,10,360,500,Y,N,127.0693099,37.1315524
오산로,EMA학원 뒤,10,360,300,Y,N,127.0708799,37.1316101
오산로,MTA독수리태권도 앞,10,360,500,Y,N,127.0695577,37.1318429
경기대로,동부삼환아파트 101동 원동두산아파트 102동 사이 도로,10,360,600,Y,N,127.0693485,37.13372401
경기대로,동부삼환 버스정류장 좌측 20m,10,360,600,Y,N,127.0710563,37.13372525
경기대로,동부삼환아파트 102동 원동두산아파트 101동 사이 도로,10,360,600,Y,N,127.0700969,37.13374159
오산로132번길,미니스톱 오산대림점,10,360,600,Y,N,127.0698821,37.13879217
오산로,화남아파트 내부,10,360,500,Y,N,127.0668071,37.1296346
오산로,한솔솔파크아파트 내부,10,360,500,Y,N,127.0668136,37.1339282
오산로,한솔솔파크아파트 후문,10,360,500,Y,N,127.0668649,37.1346062
오산천로,맑음터공원 캠핑장 8시방면,10,360,1200,Y,N,127.0625872,37.13677336
오산천로,맑음터공원 캠핑장 11시방면 70m,10,360,1200,Y,N,127.0629733,37.1375278
오산동,오산동 750,10,360,300,N,N,127.06429,37.14106
오산동,오산동 750,10,360,300,N,N,127.06429,37.14106
오산동,오산동 750,10,360,300,N,N,127.06429,37.14106
성호대로40번길,성호대로40번길 34 앞,10,360,400,N,N,127.0646443,37.14696325
성호대로40번길,위너스빌 앞,10,360,400,N,N,127.0653647,37.14697637
오산로,우방힐타운아파트 내부,10,360,500,N,N,127.0683328,37.1338102
오산로,오산로 81 앞,10,360,1200,Y,N,127.0690311,37.13426483
오산로,한솔솔파크아파트 주차장앞,10,360,700,Y,N,127.0670645,37.1346644
오산로,오산로 91-10 앞,10,360,1200,Y,N,127.0689506,37.13547456
오산로,대림아파트 버스정류장 우측 30m,10,360,1200,Y,N,127.0687437,37.14007685
오산로,오산로 177-10 앞,10,360,400,N,N,127.0675277,37.14272441
역광장로,역광장로28 앞,10,360,900,Y,N,127.0670045,37.14290943
오산로,오산로 183-10 앞,10,360,400,N,N,127.0676351,37.14321318
오산로,오산로 189-3 앞,10,360,700,Y,N,127.0680464,37.14374006
역광장로,래경빌딩 앞,10,360,1000,Y,N,127.067419,37.14385305
오산로132번길,원동e편한세상1단지 입구 앞,10,360,600,Y,N,127.0705322,37.13889315
오산로160번길,세븐일레븐 오산대림중앙점 앞,10,360,600,Y,N,127.0697577,37.14118005
오산로160번길,파리바게뜨 오산원동점 앞,10,360,1200,Y,N,127.0705119,37.14128323
오산로178번길,경일연립 가동 앞,10,360,400,N,N,127.0707892,37.14298156
원동로7번길,불멸의아구찜앞,10,360,400,N,N,127.0693148,37.14303199
오산로178번길,오산로178번길 28 앞,10,360,400,N,N,127.0715181,37.14304195
오산로178번길,오뚜기슈퍼앞,10,360,400,N,N,127.0706348,37.14332406
오산로190번길,한성각 앞,10,360,600,Y,N,127.0706973,37.14397053
오산로190번길,오산로190번길 25 앞,10,360,600,Y,N,127.0712488,37.14399949
원동로37번길,엉클족 오산점 앞,10,360,600,Y,N,127.071415,37.14416608
원동로7번길,에이스장 앞,10,360,400,N,N,127.0692315,37.14423721
오산로198번길,삼거리주막 앞,10,360,400,N,N,127.0704839,37.14450003
오산로198번길,오산로198번길 7 앞,10,360,400,N,Y,127.0693274,37.1445345
오산로198번길,오산로198번길 5 앞,10,360,400,N,Y,127.0691276,37.14453462
원동로37번길,원동로37번길 27 앞,10,360,600,Y,N,127.0710328,37.14463937
오산로198번길,원동로37번길 27 앞,10,360,400,N,N,127.0708499,37.14466651
원동로37번길,항아리 앞,10,360,600,Y,N,127.0708557,37.14483545
원동로7번길,원동로7번길 28 앞,10,360,400,N,N,127.0692349,37.14487921
원동로7번길,원동로7번길 29 앞,10,360,400,N,N,127.0692294,37.14501663
오산로198번길,오산로198번길 27 앞,10,360,400,N,Y,127.0714975,37.14507385
역광장로,만나인력 앞,10,360,600,Y,N,127.0674981,37.14426074
역광장로,경화 빌딩 앞,10,360,600,Y,N,127.0675859,37.14488016
역광장로,광산빌딩 cu 앞,10,360,700,N,N,127.0678921,37.14746153
오산로232번길,오산로232번길 5 앞,10,360,400,N,N,127.0690489,37.14766585
오산로232번길,아라리만두 앞,10,360,400,N,N,127.0688491,37.14767047
성호대로55번길,성호대로55번길 11 앞,10,360,400,N,N,127.0677058,37.14995081
성호대로55번길,성호대로55번길 16 앞,10,360,400,N,N,127.0677427,37.15036753
성산새싹길16번길,성산새싹16번길 14 앞,10,360,400,N,N,127.0669383,37.15081852
성호대로55번길,성호대로55번길 26 앞,10,360,400,N,N,127.0678053,37.15108834
역광장로83번길,성호대로55번길 25-2 역광장로 83번길 사이,10,360,500,Y,N,127.0675381,37.15131601
성호대로40번길,윤현빌리지 앞,10,360,400,Y,N,127.0655814,37.14708663
성호대로50번길,비젼빌 앞,10,360,400,N,N,127.0654664,37.14744036
성호대로50번길,다솜교회 앞,10,360,400,N,N,127.0645237,37.14744539
성호대로28번길,성호대로50번길 38-1 앞,10,360,300,N,N,127.0643099,37.14753336
성호대로40번길,성호대로40번길 20 앞,10,360,600,N,N,127.0655903,37.14754167
성호대로28번길,성호대로28번길 15-16 앞,10,360,300,N,N,127.0652276,37.14794284
성호대로40번길,성호대로40번길 14,10,360,600,N,N,127.0656076,37.14804174
성호대로28번길,성호대로28번길 13 앞,10,360,300,N,N,127.0643442,37.14822941
성호대로40번길,성호대로40번길 10 앞,10,360,600,N,N,127.0656051,37.1483864
오산천로158번길,오산천로158번길 15 앞,10,360,700,N,N,127.0650452,37.14851736
밀머리로,푸른초장교회 앞,10,360,600,Y,N,127.0747896,37.13912031
밀머리로,포유25 오산제일점 앞,10,360,600,Y,N,127.0745427,37.13979852
동부대로436번길,동부대로436번길 39 앞,10,360,600,Y,N,127.0820669,37.13997376
동부대로436번길,성호중고등학교 버스정류장 앞,10,360,600,Y,N,127.0814763,37.14023322
밀머리로1번길,동우종합설비,10,360,600,Y,N,127.075711,37.14044879
동부대로436번길,당골보신탕 앞,10,360,600,Y,N,127.081063,37.14053311
밀머리로1번길,커피브라더 앞,10,360,300,N,N,127.0749993,37.14065874
동부대로436번길,광명크리닝 앞,10,360,600,Y,N,127.0804132,37.14077008
밀머리로1번길,밀머리로1번길 26-10 앞,10,360,600,Y,N,127.0761252,37.14104098
밀머리로1번길,하나약국 앞,10,360,300,N,N,127.0750086,37.14148095
남부대로441번길,남부대로441번길 45 앞,10,360,300,N,N,127.0845458,37.137413
남부대로,알티오라 남오산 앞,10,360,600,Y,N,127.0836684,37.13780334
남부대로,성호중고등학교 버스정류장 지도기준 6시 80m,10,360,600,Y,N,127.083689,37.13869312
남부대로,성호중고등학교 버스정류장 앞,10,360,600,Y,N,127.0835859,37.13955596
동부대로436번길,동부대로436번길 49 앞,10,360,600,Y,N,127.083015,37.13980415
동부대로436번길,메디위 앞,10,360,600,Y,N,127.0839775,37.14004225
부원로,대원아파트 버스정류장 앞,10,360,900,Y,N,127.086358,37.14250945
부원로,부원로 67-3 앞,10,360,1200,Y,N,127.0865189,37.14293058
부원로,부원로 67-9 앞,10,360,500,N,N,127.0871579,37.14317114
부원로,들밥집 축구장 앞,10,360,300,N,N,127.0873639,37.14367784
밀머리로1번길,카페온니 앞,10,360,900,N,N,127.0764071,37.14151385
밀머리로21번길,동규네과일 앞,10,360,900,N,N,127.0763396,37.14158823
밀머리로1번길,하나약국 앞,10,360,600,Y,N,127.0751072,37.14163633
밀머리로1번길,한주아파트 버스정류장 앞,10,360,600,Y,N,127.076292,37.14172567
밀머리로1번길,한국병원주차장 앞,10,360,600,N,N,127.076821,37.14175912
밀머리로1번길,조아미용실 앞,10,360,500,Y,N,127.0773528,37.14179031
밀머리로1번길,삼화 자동차정비공업사 앞,10,360,500,Y,N,127.0778425,37.14183955
원동로,원동92-1,10,360,300,N,N,127.081848,37.143587
동부대로,동부대로 468-15 앞,10,360,700,N,N,127.0800985,37.14385642
동부대로,대윤종합상사 앞,10,360,400,N,N,127.0791306,37.14394943
경기대로,오산로190번길 36-8 앞,10,360,400,N,N,127.0726327,37.14340845
오산로190번길,오산로190번길 36-2 앞,10,360,400,N,N,127.0726414,37.14368552
오산로190번길,오산로190번길 44 앞,10,360,800,Y,N,127.0732608,37.14396672
경기대로,경기대로 214 앞,10,360,600,N,N,127.0738264,37.14398214
오산로190번길,세븐일레븐 오산3호점 앞,10,360,800,Y,N,127.071882,37.1439991
오산로198번길,대원로38번길 15 앞,10,360,600,N,Y,127.0728341,37.14508881
오산로198번길,대원로38번길 14-1 앞,10,360,400,N,Y,127.0726147,37.14509795
오산로198번길,굽네치킨 오산대원점 앞,10,360,400,N,Y,127.0716579,37.1451143
대원로38번길,금성카센타 앞,10,360,400,N,N,127.0727048,37.1452308
대원로38번길,대원로38번길 9 앞,10,360,400,N,N,127.0727221,37.14562275
부원로,원4동마을입구 버스정류장 앞 맞은편 도로,10,360,600,Y,N,127.0853158,37.14404651
절골길,절골길 3 앞,10,360,300,N,Y,127.0853105,37.14438216
부원로,원4동마을입구 버스정류장 앞,10,360,1500,Y,N,127.0847844,37.14447039
절골길,절골길 8 앞,10,360,300,N,Y,127.0854851,37.14451494
절골길,절골길 7 앞,10,360,300,N,Y,127.0857132,37.14462065
절골길,절골길 16 앞,10,360,300,N,N,127.0861329,37.14498077
절골길,절골길 26 앞,10,360,300,N,Y,127.0879902,37.14509654
절골길,절골길 26 앞,10,360,300,N,Y,127.0877961,37.14512597
절골길,절골길 38 앞,10,360,300,N,Y,127.0885841,37.14517269
절골길,절골길 38 앞,10,360,300,N,Y,127.0889021,37.14520624
동부대로,오르다유치원 앞,10,360,400,N,N,127.0795697,37.14406177
동부대로,총각수산 주차장 앞,10,360,700,N,N,127.0800933,37.14426641
운천로,운암주공5단지 511동 앞,10,360,600,Y,N,127.0747722,37.1442834
운천로,운천로 16-7 앞,10,360,600,Y,N,127.0751605,37.14428991
운천로,신양아파트 입구 앞,10,360,600,Y,N,127.0743837,37.14698232
운암로,오산시 자원봉사 센터 건물 뒤,10,360,600,Y,N,127.0757459,37.14720898
운암로,우돈마실 앞,10,360,600,Y,N,127.0749159,37.14733115
운암로,운암로 19 앞,10,360,600,Y,N,127.0757719,37.147878
운암로,킨포크가든 앞,10,360,600,Y,N,127.0749278,37.14802496
운천로,운암로 37 지도기준 12시,10,360,600,Y,N,127.0759709,37.14989849
부산동길,시티자이107동 지도기준 10시방향,10,360,600,Y,N,127.0879729,37.14961312
부산동길,부산동길 29 건물 앞,10,360,300,N,N,127.0863633,37.14969315
부산동길,대명그린아트앞,10,360,300,N,N,127.0869995,37.14986163
부산동길,풍향원룸앞,10,360,300,N,N,127.0874697,37.15001672
부산동길,대성빌라 뒷편 비닐하우스 뒤,10,360,300,N,N,127.0881314,37.15034286
부산동길,통큰갈비 앞,10,360,600,Y,N,127.0883737,37.15063552
부산동길,시티자이102동앞,10,360,1000,Y,N,127.0902678,37.150767
부산동길,시티자이104동 앞,10,360,1000,Y,N,127.0890609,37.15106301
동부대로568번길,동부대로568번길 62-21 건물앞,10,360,300,N,N,127.0870882,37.151087
부산동길,자이프라자 오산다온유치원 사이,10,360,300,Y,N,127.0906876,37.15111134
부산중앙로,오산시티자이2차아파트 309동 앞,10,360,600,Y,N,127.0913855,37.15115811
부산중앙로,오산다온유치원 앞,10,360,600,Y,N,127.0912899,37.15115818
동부대로568번길,동부대로568번길 62-18 건물앞,10,360,300,N,N,127.0869588,37.15118171
부산동길,부산동길 62번길,10,360,800,Y,N,127.08867,37.15141
부산동길,부산동길 62번길,10,360,800,Y,N,127.08867,37.15141
부산동길,부산동길 62번길,10,360,800,Y,N,127.08867,37.15141
부산중앙로,오산시티자이2차.다온초교 버스정류장 우측,10,360,600,Y,N,127.0917836,37.15216698
동부대로568번길,동부대로568번길 32 건물앞,10,360,300,N,N,127.0832368,37.15225214
동부대로568번길,동부대로568번길 28 건물앞,10,360,300,N,N,127.0829104,37.15232896
동부대로568번길,동부대로568번길 23 건물앞,10,360,300,N,N,127.0825728,37.15239227
운천로,운천로 78 지도기준 12시,10,360,600,Y,N,127.0748593,37.14992623
운천로,네네치킨 맞은편 도로,10,360,600,Y,N,127.0746499,37.15152575
운천로,4단지 자동차공업사 앞,10,360,600,Y,N,127.0745263,37.1518457
동부대로568번길,두부마을입구,10,360,300,N,N,127.0820664,37.1525075
운천로,운천로 133-1 앞,10,360,600,Y,N,127.0746868,37.15480332
운천로,연희정원 앞,10,360,1000,Y,N,127.074611,37.15493177
운천로,운천로 135-1 앞,10,360,600,N,N,127.0746703,37.15514123
운천로,운천로 139 앞,10,360,600,Y,N,127.0749546,37.15517935
운천로,운천고 정문 앞,10,360,1200,Y,N,127.0803272,37.15522539
경기도동로8번길,경기도동로8번길 15 앞,10,360,600,N,N,127.074192,37.15524515
경기대로281번길,경기대로281번길 37 앞,10,360,600,N,N,127.0729003,37.15248646
경기대로218번길,경기대로281번길 39 앞,10,360,400,N,N,127.0729148,37.15289193
경기대로218번길,경기대로281번길 46 앞,10,360,400,N,N,127.0729209,37.1533402
오산로300번길,경기대로 321 앞,10,360,600,N,N,127.0734642,37.15356739
오산로300번길,오산로300번길 37 앞,10,360,600,N,N,127.072862,37.15357452
오산로300번길,오산로300번길 31 앞,10,360,600,N,N,127.0721584,37.15359747
성호대로93번길,버블런드리 오산시장점 앞,10,360,600,N,N,127.0716604,37.15370365
시장58번길,시장58번길 31,10,360,400,N,N,127.0726823,37.1540229
시장58번길,시장58번길 25 앞,10,360,400,N,N,127.071914,37.15403238
성호대로93번길,한빛교회 앞,10,360,600,N,N,127.0716695,37.15439521
대원로,아너스호텔 앞,10,360,400,N,N,127.0715849,37.14522022
원동로7번길,원동로7번길 33-2 앞,10,360,400,N,N,127.0692522,37.14541308
대원로,굽네치킨 오산대원점 앞,10,360,400,N,N,127.0715824,37.14562345
대원로29번길,세븐일레븐 오산원동점 앞,10,360,600,N,N,127.0716058,37.14654251
오산로226번길,시립오산어린이집 앞,10,360,400,N,N,127.0712939,37.14698647
오산로226번길,시립오산어린이집 앞,10,360,400,N,N,127.0710181,37.14699565
대원로29번길,오산로226번길 29 앞,10,360,600,N,N,127.0716175,37.14706062
오산로232번길,오산로232번길 25 앞,10,360,400,N,N,127.0713339,37.14762395
성호대로,오산우체국앞,10,360,700,Y,N,127.0707864,37.14895784
오산로272번길,오산로272번길 25 앞,10,360,400,Y,N,127.0713259,37.15111331
대원로38번길,대원로38번길 6 앞,10,360,400,N,N,127.0727112,37.14598544
대원로39번길,CU 오산나래점 앞,10,360,400,N,N,127.072746,37.1470374
대원로39번길,대원로39번길 8-1 앞,10,360,400,N,N,127.0727492,37.14750595
오산로232번길,파파존스 오산점 앞,10,360,400,N,N,127.0734219,37.14758213
오산로232번길,근혜유치원 앞,10,360,400,N,N,127.0717757,37.14761242
대원로29번길,근혜유치원 앞,10,360,600,N,N,127.0716576,37.1477454
대원로39번길,대원로39번길 23 앞,10,360,400,N,N,127.0727837,37.14828985
성호대로93번길,성호대로93번길 6 앞,10,360,600,Y,N,127.0716929,37.14939882
성호대로,경기대로281번길 19 앞,10,360,400,N,N,127.0724809,37.14946817
성호대로93번길,피자원 오산점 앞,10,360,400,Y,Y,127.071652,37.15073241
성호대로93번길,피자원 오산점 앞,10,360,400,Y,Y,127.0716212,37.15088786
경기대로281번길,성호대로 99-21 앞,10,360,400,Y,N,127.0728595,37.15097046
오산로272번길,경기대로 289 앞,10,360,600,N,N,127.073428,37.15106697
오산로272번길,오산로272번길 41 앞,10,360,600,N,N,127.0731466,37.15107841
오산로272번길,오산시 장애아재활치료 교육센터 앞,10,360,600,N,N,127.072747,37.15109442
오산로272번길,오산로272번길 30 앞,10,360,600,N,N,127.0718212,37.15109949
경기대로281번길,경기대로281번길 24 앞,10,360,600,N,N,127.0728711,37.1513151
경기대로281번길,경기대로281번길 26 앞,10,360,600,N,N,127.0728882,37.15153811
오산로278번길,오산로278번길 31 앞,10,360,400,N,Y,127.0720863,37.15171881
오산로278번길,오산로278번길 35 앞,10,360,400,N,Y,127.0724071,37.15172087
오산로272번길,오산로272번길 21 앞,10,360,600,N,N,127.0710332,37.15111573
성호대로93번길,성호대로93번길 39 앞,10,360,600,N,N,127.0716113,37.15237011
오산로290번길,포유25 오색시장점 앞,10,360,600,N,N,127.071015,37.15275117
오산로290번길,김명자헤어샵 앞,10,360,600,N,N,127.0705957,37.15276493
오산로300번길,오산로300번길 25 앞,10,360,600,N,N,127.071393,37.1536092
오산로300번길,제일빌딩 앞,10,360,600,N,N,127.0706106,37.15361643
오산로300번길,화성종묘 농약사 앞,10,360,600,N,N,127.070149,37.15362121
오산로300번길,오산로300번길 5 앞,10,360,600,N,N,127.0693498,37.1536397
시장58번길,성호대로93번길 55 앞,10,360,400,N,N,127.0715425,37.15403711
시장58번길,대일어린이집앞,10,360,400,N,N,127.0694994,37.15409239
오산천로 204번길,오산천로 204번길,10,360,600,N,N,127.06521,37.15224
오산천로,오산천로 204 앞,10,360,600,Y,N,127.0652285,37.15226116
청학로,오산대학앞 버스정류장 지도방향 6시,10,360,1200,Y,N,127.0628873,37.15261609
청학로,세산연립 옆,10,360,1800,Y,N,127.0628902,37.1526521
오산천로,성산새싹길 32 앞,10,360,600,Y,N,127.0658368,37.15276092
오산천로,쎄느하우스 앞,10,360,600,Y,N,127.0659973,37.15288472
청학로17번길,오산중학교 정문 앞,10,360,1000,N,N,127.0628655,37.15339102
청학로,오산대교문 앞,10,360,1000,Y,N,127.0630906,37.1534787
오산천로,정우타운 다동 맞은편 도로,10,360,600,Y,N,127.0665551,37.15349488
청학로,오산대학 버스정류장 청학도서관 방향 20m,10,360,600,Y,N,127.0636171,37.15366093
오산로,오산로 276 앞,10,360,700,Y,N,127.0685852,37.15150688
오산로,오산로 280-1 앞,10,360,700,Y,N,127.0685965,37.15156094
성산새싹길16번길,성산새싹16번길 26 앞,10,360,400,N,N,127.0669025,37.15169932
성호대로55번길,성호대로55번길 35 앞,10,360,400,N,N,127.0682337,37.15179993
성호대로55번길,성호대로55번길 32 앞,10,360,400,N,N,127.0678932,37.15181139
역광장로83번길,역광장로83번길 56 앞,10,360,500,Y,N,127.067449,37.15228921
오산로300번길,오산할머니집 앞,10,360,600,N,N,127.0691162,37.15364884
은여울로,경기공조 인근,10,360,600,Y,N,127.0684352,37.1568142
은여울로,천지정밀 앞,10,360,600,N,N,127.0686379,37.1569447
은여울로,오산침례교회 앞,10,360,400,N,N,127.0689451,37.1573815
경기대로333번길,경기대로333번길 18 앞,10,360,600,N,N,127.0715514,37.15450791
경기대로333번길,경기대로333번길 24 앞,10,360,600,N,N,127.0709829,37.15453979
경기대로339번길,경기대로339번길 22 앞,10,360,400,N,Y,127.0710285,37.15508715
경기대로339번길,경기대로339번길 20 앞,10,360,400,N,Y,127.0712199,37.15509154
오산천제방,오산동 6-13번지,10,360,600,N,N,127.070537,37.156501
은여울로,신흥빌라 옆,10,360,400,N,N,127.0692069,37.1574985
은여울로,신흥빌라 앞,10,360,700,Y,N,127.0695644,37.15750285
은여울로,성광세탁수선 앞,10,360,500,N,N,127.0691679,37.1579108
은여울로,리버빌아파트 정문,10,360,1000,Y,N,127.070291,37.15795296
은여울로,리버빌아파트 정문 앞,10,360,300,N,N,127.071347,37.15857856
은여울로,오산침례교회 옆,10,360,400,N,N,127.0686946,37.1573929
은여울로,새마을금고 앞,10,360,600,Y,N,127.0680731,37.1578844
오산로,오산태권도체육관 앞,10,360,500,N,N,127.0673301,37.1579614
오산로,성광세탁수선 옆,10,360,400,N,N,127.0690695,37.1579716
오산로,크로바옷수선 앞,10,360,400,N,N,127.0688049,37.1579853
오산로,새마을금고 옆,10,360,400,N,N,127.0682786,37.1580217
오산로,아우성옻닭영양탕 앞,10,360,600,N,N,127.0679606,37.1580399
은여울로,아우성옻닭영양탕 앞,10,360,600,Y,N,127.0690986,37.1581209
은여울로,패션세탁소 앞,10,360,600,Y,N,127.0681498,37.1587493
오산로,혜성슈퍼 앞,10,360,500,Y,N,127.0676461,37.1588172
은여울로,오산퀵 앞,10,360,900,Y,N,127.0681981,37.1591255
오산로,궐동대우3차아파트 정문,10,360,400,Y,N,127.0674466,37.1592205
오산로,궐동대우3차아파트 정문,10,360,400,Y,N,127.0676127,37.1592678
오산로,궐동대우3차아파트 앞,10,360,400,Y,N,127.0678773,37.1593014
오산로,궐동대우3차아파트 정문,10,360,600,Y,N,127.0674833,37.1593354
오산로,GS25편의점 앞,10,360,400,Y,N,127.0684628,37.1593686
오산로,아름다운광고간판 앞,10,360,400,Y,N,127.0671821,37.1593734
은여울로,궐동대우아파트 옆,10,360,900,Y,N,127.0682296,37.1597878
은여울로,궐동대우아파트 후문,10,360,500,N,N,127.0678835,37.1599096
은여울로,대우공판장 앞,10,360,400,N,N,127.0679933,37.1599366
오산로,보성이발관 옆,10,360,300,N,N,127.0693966,37.1587441
오산로,코스모스미용실 앞,10,360,300,N,N,127.0691587,37.1587578
은여울로43번길,은여울로 43 차차커피 앞,10,360,600,N,N,127.0714091,37.15882857
은여울로43번길,해두리치킨 오산은계점 앞,10,360,600,N,N,127.0712658,37.15901563
현충로72번길,현충로72번길 48 청운빌라 앞,10,360,600,N,N,127.0713026,37.15927466
은여울로43번길,은여울로43번길 9 건물 앞,10,360,600,N,N,127.0710043,37.15935143
오산로,파츠마켓 앞,10,360,500,Y,N,127.0693297,37.1593726
은여울로43번길,GS25 오산은계점 앞,10,360,700,N,N,127.0707541,37.15968497
은여울로43번길,은계주공 112동 앞,10,360,600,N,N,127.0705405,37.1599464
은여울로43번길,은계주공 111동 앞,10,360,600,N,N,127.070206,37.16039938
운천로,오산명성교회 앞,10,360,600,N,N,127.0739745,37.15445912
경기대로333번길,경기대로333번길 14 앞,10,360,400,N,N,127.0718666,37.15449871
경기대로333번길,삼천리자전거 오산동점 건물 옆,10,360,400,N,N,127.073119,37.15453173
경기대로339번길,타이어뱅크 북오산점 건물 옆,10,360,400,N,N,127.0729253,37.15501842
경기대로339번길,경기대로339번길 8 앞,10,360,400,N,N,127.0723118,37.15503682
경기대로339번길,경기대로339번길 12 앞,10,360,400,N,N,127.0719431,37.15505507
성호대로93번길,성호대로93번길 71 앞,10,360,600,N,N,127.0717011,37.1551273
경기도동로8번길,경기도동로8번길 10 앞,10,360,600,N,N,127.0738626,37.15515976
경기도동로8번길,중앙공업사 앞,10,360,400,N,N,127.0739162,37.15526109
경기도동로8번길,경기도동로8번길 7 앞,10,360,400,N,N,127.0737617,37.15559233
동부대로568번길,부산동길 75-2 지도기준 10시 방향,10,360,200,N,N,127.0888233,37.15245082
부산중앙로,오산시티자이2차.다온초교 버스정류장 좌측,10,360,600,Y,N,127.0917615,37.15252067
동부대로568번길,동부대로568번길 91 앞,10,360,200,N,N,127.0892176,37.15273886
동부대로568번길,동부대로568번길 87-4 앞,10,360,200,N,N,127.0889871,37.15292601
동부대로568번길,동부대로568번길 102 앞,10,360,200,N,N,127.0899362,37.1535335
동부대로568번길,경기도동로186번길 54 앞,10,360,200,N,N,127.0918617,37.15392174
동부대로568번길,동부대로568번길 110-3 앞,10,360,200,N,N,127.0907873,37.1545105
부산동,부산동 182-7,10,360,400,N,N,127.08803,37.15808
부산동,부산동 182-7,10,360,400,N,N,127.08803,37.15808
부산동,부산동 182-7,10,360,400,N,N,127.08803,37.15808
운천로,운천고교 버스정류장 앞,10,360,1200,Y,N,127.0798377,37.15539241
경기도동로8번길,경기도동로8번길 17-1 앞,10,360,600,N,N,127.0745524,37.15544992
운천로,운천로 147-11 앞,10,360,600,Y,N,127.0756786,37.15591325
경기도동로8번길,경기도동로8번길 27 나동 주차장 앞,10,360,600,N,N,127.0742716,37.15608759
운천로,투다리 운암2점 앞,10,360,600,Y,N,127.0772267,37.15609922
운천로,미니스톱 오산점 앞,10,360,600,Y,N,127.0768496,37.15617606
운천로165번길,운천로165번길 9 앞,10,360,600,N,N,127.0775956,37.15631974
운천로,오산동 80-3번지,10,360,600,N,N,127.075189,37.156922
운천로165번길,동화마을유치원앞,10,360,600,N,N,127.0765859,37.15701646
부산동,부산동 780번길,10,360,600,Y,N,127.07941,37.15891
은여울로,리버빌아파트 정문 앞,10,360,500,Y,N,127.0716793,37.15879687
은여울로,늘푸름클럽.은계현대아파트 버스정류장 기준 좌측,10,360,700,N,N,127.0725354,37.15933248
현충로72번길,현대2차아파트 정문 기준 좌측,10,360,600,N,N,127.0718433,37.15959195
현충로72번길,현대2차아파트 정문 기준 우측,10,360,600,N,N,127.0719475,37.15964145
현충로72번길,은여울로57-4 옆,10,360,600,N,N,127.0723049,37.15965925
은여울로67번길,럭키할인마트 오복빌딩사이,10,360,600,N,N,127.0733329,37.16037271
현충로72번길,오복빌딩 옆,10,360,600,N,N,127.0731725,37.16041786
현충로72번길,구세군오산영문교회 앞,10,360,600,N,N,127.073364,37.16052137
은여울로67번길,구세군오산영문 컨테이너 옆,10,360,600,N,N,127.0731388,37.16053051
현충로72번길,정원빌라앞,10,360,600,N,N,127.0735921,37.16066089
부산동,부산동 780번길,10,360,600,Y,N,127.07941,37.15891
부산동,부산동 780번길,10,360,600,Y,N,127.07941,37.15891
은여울로,현대1차아파트 정문 근방,10,360,600,Y,N,127.0750898,37.16099334
현충로72번길,우성그린104동앞,10,360,600,Y,N,127.0744511,37.16123478
현충로,현충로 95 지도기준 방향 3시,10,360,600,N,N,127.0774995,37.16137924
현충로72번길,우성그린108동앞,10,360,600,Y,N,127.0752453,37.16173661
현충로,현충로 63-5 앞,10,360,200,N,N,127.074959,37.16248467
현충로,대성원룸앞,10,360,200,N,N,127.0751814,37.16257689
오산로,궐동파출소 앞,10,360,1000,Y,N,127.0662792,37.1599308
오산로,궐동파출소 옆,10,360,500,Y,N,127.0659612,37.1599873
오산로,재경연립 앞,10,360,600,Y,N,127.0660265,37.1605842
오산로,재경연립 앞,10,360,500,N,N,127.0660913,37.1607216
매홀로,오산대우아파트 옆,0,360,600,Y,N,127.0633191,37.1608132
오산로,오산평화교회 앞,10,360,600,Y,N,127.0658356,37.1611597
오산로,오산종합정비센터 앞,10,360,600,Y,N,127.0655884,37.1617401
매홀로,매홀초 앞,10,360,3100,Y,N,127.0631004,37.1618061
매홀로,매홀초 앞,10,360,600,Y,N,127.0635114,37.1619462
청학로147번길,매홀초등학교앞,10,360,600,Y,N,127.0634833,37.16195525
은여울로67번길,은계동어린이공원 앞,10,360,400,N,N,127.0728997,37.16067033
은여울로67번길,CU 오산은여울점 앞,10,360,400,N,N,127.0722527,37.16102439
은여울로67번길,중앙빌라 지도기준 5시방향,10,360,400,N,N,127.0716676,37.1613311
현충로60번길,금성타운601동앞,10,360,600,Y,N,127.0725294,37.16190951
현충로60번길,금성타운901동앞,10,360,600,Y,N,127.0730558,37.16198352
현충로60번길,금성타운1101동앞,10,360,600,Y,N,127.073388,37.16205315
현충로,새싹뜰어린이집앞,10,360,1000,Y,N,127.0734395,37.16287533
경기대로416번길,은계동공영주차장 지도기준 9시방향,10,360,600,N,N,127.0719816,37.16305418
현충로,은계동공영주차장 지도기준 2시방향,10,360,1000,Y,N,127.072936,37.16320228
경기대로416번길,필봉산 앞 사거리 도로섬,10,360,600,N,N,127.071903,37.16322543
은여울로43번길,은여울로43번길 23 건물 앞,10,360,600,N,N,127.069818,37.1609042
경기대로416번길,쌍용연립정문앞,10,360,400,Y,N,127.0704569,37.16090833
경기대로416번길,영산그린맨션아파트입구,10,360,700,N,N,127.0692,37.161187
경기대로416번길,해에게서소년에게유치원 주차장앞,10,360,400,Y,N,127.0708232,37.16135639
은여울로67번길,중앙빌라 지도기준 9시방향,10,360,400,N,N,127.0713357,37.16152278
경기대로416번길,경기대로416번길 42 건물입구앞,10,360,600,N,N,127.0712487,37.16187199
경기대로416번길,금성타운101동앞,10,360,600,N,N,127.0715869,37.16228402
경기대로416번길,황덕사 주차장 입구 앞,10,360,600,N,N,127.0707482,37.16232958
경기대로416번길,황덕사 입구 앞,10,360,600,N,N,127.0711902,37.16246898
현충로,수청근린공원 현충탑 앞 도로,10,360,900,Y,N,127.0698341,37.16310728
은여울로,신장동복지회관 앞,10,360,600,N,N,127.0670476,37.1599912
은여울로,궐동제1공영주차장 앞,10,360,900,Y,N,127.0682977,37.1604703
오산로,플리서빌 앞,10,360,500,N,N,127.0670513,37.1609261
은여울로,울진막회 앞,10,360,600,Y,N,127.0683291,37.1609794
오산로,시에나2차 옆,10,360,500,N,N,127.0673667,37.1610813
오산로,화진정 앞,10,360,400,N,N,127.0679716,37.1611936
내삼미로,화성초교 버스정류장 앞,10,360,1500,Y,N,127.0680982,37.16390347
내삼미로,화성초등학교앞,10,360,1500,Y,N,127.0679242,37.16448926
박동길,박동길 3 앞,10,360,600,N,N,127.0683752,37.16513551
내삼미로,매홀중학교 앞,10,360,600,Y,N,127.0685797,37.16724161
현충로,은계동 18-6,10,360,900,Y,N,127.07168,37.16325
현충로,은계동 18-6,10,360,900,Y,N,127.07168,37.16325
현충로,은계동 18-6,10,360,900,Y,N,127.07168,37.16325
현충로,필봉산 앞 사거리 현충탑 방향도로,10,360,600,Y,N,127.0717173,37.1632706
현충로,은계동공영주차장 지도기준 12시방향,10,360,600,Y,N,127.072376,37.16338734
내삼미로80번길,별스시 수청점 앞,10,360,600,Y,N,127.0678648,37.16724202
내삼미로80번길,수청동 임시공영주차장 앞,10,360,400,Y,N,127.0679184,37.16742671
내삼미로80번길,수청동 임시공영주차장 앞,10,360,600,Y,N,127.067218,37.16802181
내삼미로80번길,별스시 수청점 지도기준 12시 도로,10,360,600,Y,N,127.0670464,37.16813003
내삼미로80번길,별어린이공원 앞,10,360,600,Y,N,127.0673223,37.16817042
내삼미로80번길,에테르헤어 앞,10,360,600,Y,N,127.0671451,37.16829892
내삼미로80번길,녹담 앞,10,360,400,Y,N,127.0674668,37.16920655
내삼미로80번길,해밀수학학원 앞,10,360,600,Y,N,127.0673149,37.16928548
내삼미로80번길,또봉이통닭 수청점 앞,10,360,600,Y,N,127.0675936,37.16933939
내삼미로80번길,대원축산 앞,10,360,400,Y,N,127.0674248,37.16942734
현충로,현충로 13-7 앞,10,360,300,N,N,127.0693056,37.1637969
내삼미로,매홀중학교 앞,10,360,600,Y,N,127.069157,37.16753412
삼미로,세교신도시 호반베르디움 옆,10,360,600,Y,N,127.0691773,37.1743843
삼미로,세교신도시 호반베르디움 옆,10,360,600,Y,N,127.0691751,37.1749835
삼미로,로얄빌라8차 앞,10,360,500,N,N,127.0691478,37.17606262
삼미로,로얄빌라5차 옆,10,360,500,N,N,127.0699418,37.17613649
삼미로,내삼교회 부근,10,360,500,N,N,127.0701898,37.17635935
삼미로,내삼교회 부근,10,360,500,N,N,127.0704068,37.1766723
삼미로,내삼미동 80-2번지 앞,10,360,300,Y,N,127.069121,37.175046
삼미로,내삼장로교회 앞,10,360,600,Y,N,127.0688435,37.1756888
삼미로,행복한밥상 앞,10,360,400,N,N,127.0671628,37.1763335
삼미로,행복한밥상 부근,10,360,400,N,N,127.0677462,37.1763675
삼미로,내삼미1동노인회관 인근,10,360,500,N,N,127.0686962,37.1778559
삼미로,KWL서울푸드 부근,10,360,400,N,N,127.0669878,37.1782489
삼미로,KWL서울푸드 옆,10,360,400,N,N,127.0671034,37.1784493
황새로,오산천 옆,10,360,500,Y,N,127.0524769,37.1315701
황새로,오산천 옆,10,360,500,Y,N,127.0530119,37.1321488
오산천로,오산시자원재활용센터 9시방면,10,360,600,N,N,127.0581894,37.13306323
황새로,천변교 앞,10,360,800,Y,N,127.0552636,37.1334521
황새로,황새로 63 3시방면 45m,10,360,600,N,N,127.0564317,37.13397415
황새로,황새로 87 4시방면 35m,10,360,600,N,N,127.0582726,37.13508157
황새로,황새로 87 3시방면 45m,10,360,600,N,N,127.0584021,37.1352054
황새로149번길,황새로149번길 41 9시방면,10,360,300,Y,N,127.0566097,37.13885331
황새로149번길,황새로149번길 41 7시방면,10,360,300,Y,N,127.0566016,37.13920248
누읍로46번길,휴먼시아 107동 3시방면,10,360,700,Y,N,127.0527977,37.13974487
오산천로,오산시자원재활용센터 11시방면,10,360,600,N,N,127.0585357,37.13326354
오산천로,황새교 위,10,360,600,Y,N,127.0618374,37.1351067
황새로,황새로 87 1시방면 70m,10,360,600,Y,N,127.0585851,37.13537876
오산천로,황새교 12시 방면,10,360,1200,Y,N,127.0618322,37.13557309
황새로,황새로 109 4시 방면,10,360,600,Y,N,127.0597255,37.13643244
황새로,황새로 117 5시방면,10,360,600,Y,N,127.0603084,37.13712145
황새로,후레쉬서브 삼거리 북쪽방면 40m,10,360,600,Y,N,127.061501,37.14007181
황새로,대림제지 정문 좌측,10,360,600,Y,N,127.0615417,37.14162612
황새로,대림제지 부근,10,360,600,Y,N,127.0615674,37.1422141
황새로,LG이노텍 앞,10,360,600,Y,N,127.0616615,37.1436849
발안로,바오1976 부근,0,360,700,Y,N,127.0467533,37.1391527
수목원로49번길,수목원로49번길 25 11시방면 50m,10,360,700,Y,N,127.0518579,37.13965743
발안로,발안로 1356-13 좌측,10,360,600,N,N,127.0471395,37.1401212
수목원로49번길,선진산업설비 입구 앞,10,360,700,Y,N,127.050291,37.14022352
수목원로49번길,수목원로49번길 55 3시방면 35m,10,360,700,Y,N,127.0495708,37.14043783
발안로,수목원로49번길 55 좌측 10m,10,360,300,N,N,127.0490053,37.14050564
수목원로49번길,수목원로49번길 55 11시방면 25m,10,360,700,Y,N,127.049073,37.14077593
발안로,수목원로49번길 57 좌측 20m,10,360,300,N,N,127.0486312,37.14083018
발안로,세란빌딩 주차장 좌측,10,360,600,N,N,127.0473483,37.14105596
누읍로,한라그린타운아파트 6시방면,10,360,1200,Y,N,127.0485952,37.1416389
황새로149번길,누리산업 정문 우측,10,360,700,N,N,127.0571789,37.13984646
황새로149번길,누리산업 정문 좌측,10,360,600,N,N,127.0569791,37.13984656
초평중앙로,가수동주공아파트 버스정류장 우측 40m,10,360,700,N,Y,127.0535719,37.14424757
초평중앙로,가수동주공아파트 버스정류장 우측 43m,10,360,700,N,Y,127.0535803,37.14425433
가수로,가수주공아파트,10,360,600,Y,N,127.0526668,37.1457865
대호로,대영빌라 정면,10,360,1000,N,N,127.0580185,37.15241359
대호로,장강 앞,10,360,1000,Y,N,127.0580129,37.1524428
가장로,오산성당 6시방향,10,360,1000,Y,N,127.0566227,37.15246382
가장로,오산성당 옆,0,360,900,Y,N,127.0564511,37.1524819
대호로,대호로 13 지도기준 5시 방향,10,360,1000,Y,N,127.0581315,37.15294741
황새로,LG화학 앞,10,360,800,Y,N,127.0617352,37.1444485
황새로,LG화학 부근,10,360,800,Y,N,127.0617523,37.1446761
가수행복로,오산세교2 LH12단지 아파트 입구,10,360,600,Y,N,127.0587819,37.1461643
황새로 221번길,가장동 303-4,10,360,600,Y,N,127.06191,37.14621
황새로 221번길,가장동 303-4,10,360,600,Y,N,127.06191,37.14621
황새로 221번길,가장동 303-4,10,360,600,Y,N,127.06191,37.14621
청학로,정석빌딩 앞,10,360,600,Y,N,127.0619402,37.15072887
청학로,오거리집설렁탕 앞,10,360,600,Y,N,127.0619149,37.1507964
청학로,금성빌딩 옆,10,360,600,N,N,127.0604431,37.1508175
청학로,신화광고기획 앞,10,360,600,N,N,127.0606148,37.1508466
성호대로,즐거운교회 부근,10,360,600,Y,N,127.0622125,37.1499763
오산천로,오산천로 176 앞,10,360,600,Y,N,127.063631,37.15004092
성호대로33번길,성호대로33번길 14 앞,10,360,400,N,N,127.0652043,37.15026984
성산새싹길,세븐일레븐 오산성산점 앞,10,360,400,N,N,127.0658235,37.15038213
성산새싹길,성산새싹길 16-1 앞,10,360,400,N,N,127.0658687,37.15061863
오산천로183번길,오산천로182번길 4 앞,10,360,400,N,N,127.0642506,37.15070737
오산천로,오산천로182번길 2,10,360,600,Y,N,127.0638848,37.15073009
오산천로,오산천로182번길 186,10,360,600,Y,N,127.0639666,37.15090125
성산새싹길,현주빌 앞,10,360,400,N,N,127.0659536,37.15110065
청학로,진어랑조개랑 뒤,10,360,300,N,N,127.0624201,37.1512422
청학로5번길,청학슈퍼 앞,10,360,700,N,N,127.0604263,37.15093239
청학로,청학슈퍼 옆,10,360,600,Y,N,127.0604179,37.1509459
청학로5번길,금성빌딩 앞,10,360,700,N,N,127.0605783,37.15097286
청학로,청학슈퍼 앞,10,360,600,N,N,127.0605952,37.1509751
청학로5번길,담채랑동태탕 우측,10,360,600,Y,Y,127.0598665,37.15114668
청학로,담채랑동태탕 앞,10,360,600,Y,N,127.0598636,37.1511489
청학로5번길,담채랑동태탕 좌측,10,360,600,Y,Y,127.0596104,37.15117609
청학로,담채랑동태탕 앞,10,360,600,Y,N,127.0595907,37.1511896
청학로5번길,청학동 195-1번지 앞,10,360,300,N,N,127.059925,37.151253
청학로,전어랑조개랑 정면,10,360,600,Y,N,127.0621771,37.1513685
청학로,삼화페인트 앞,10,360,600,Y,N,127.0621799,37.1513752
성산새싹길,새물터빌라앞,10,360,400,N,N,127.0660017,37.15144753
성호대로33번길,성호대로33번길 25 앞,10,360,400,N,N,127.0653911,37.15149743
오산천로,오산천로182번길 194-1,10,360,600,Y,N,127.0644681,37.15158353
성호대로33번길,성호대로33번길 28 앞,10,360,400,N,N,127.0653715,37.15167765
성호대로33번길,성호대로33번길 29 앞,10,360,400,N,N,127.0651859,37.15183093
성산새싹길,ks빌 앞,10,360,400,N,N,127.0660865,37.15188224
오산천로,뚝방길.무지개다리앞 버스정류장 앞,10,360,600,Y,N,127.0648286,37.15194601
오산천로 204번길,오산천로 204번길,10,360,600,N,N,127.06521,37.15224
오산천로 204번길,오산천로 204번길,10,360,600,N,N,127.06521,37.15224
청학로5번길,한누리교회건물뒤,10,360,200,N,N,127.0595742,37.15159736
청학로,오산한누리교회 옆,10,360,300,N,N,127.0595629,37.15161087
청학로,왔다할인마트 인근,10,360,500,N,N,127.060579,37.1518288
청학로17번길,청학로17번길 16 주택 옆,10,360,500,N,N,127.0605678,37.15183338
청학로 43번길,청학로 43번길24-1,10,360,400,N,N,127.06142,37.15189
청학로 43번길,청학로 43번길24-1,10,360,400,N,N,127.06142,37.15189
청학로 43번길,청학로 43번길24-1,10,360,400,N,N,127.06142,37.15189
청학로,정림주택 앞,10,360,600,N,N,127.0603712,37.1524304
청학로17번길,청학로17번길 23 정림주택 앞,10,360,500,N,N,127.0603713,37.1524417
청학로,오산중 앞,10,360,600,Y,N,127.0618133,37.1538961
청학로,두진전기 앞,10,360,400,Y,N,127.0636115,37.1536902
청학로17번길,오산중학교 전방,10,360,800,Y,Y,127.062594,37.15378087
청학로,오산중 앞,10,360,600,Y,N,127.0625703,37.1538056
청학로17번길,오산중학교 전방,10,360,800,Y,Y,127.0622242,37.1538509
청학로,오산중 앞,10,360,600,Y,N,127.0622242,37.1538576
청학로,오가면옥 앞,10,360,400,Y,N,127.0642367,37.1542282
청학로43번길,오산대학교 내부,10,360,600,N,N,127.0629594,37.15462316
청학로43번길,오산대학교 내부,10,360,600,N,N,127.0622307,37.15492315
청학로43번길,오산대학교 내부,10,360,800,N,N,127.0631793,37.15514566
청학로,천일화물택배 오산영업소 부근,10,360,1200,Y,N,127.0647752,37.1552799
서부로,두곡1길 밭 사이,10,360,200,N,N,127.0447183,37.1283655
두곡로,바우디자인 옆,10,360,300,N,N,127.0452252,37.1292235
두곡로,비닐하우스 옆,10,360,300,N,N,127.0452591,37.1294758
두곡로,한국자율방범 경기도연합회 인근,10,360,300,N,N,127.0454055,37.1296943
황새로,탑리목장 인근,10,360,500,N,N,127.0518991,37.1302503
황새로,탑리아파트 입구,10,360,600,Y,N,127.0490651,37.1328691
황새로,탑리아파트 입구,10,360,600,Y,N,127.0489187,37.1329705
발안로,빨간돼지왕족발 앞,10,360,400,Y,N,127.0470399,37.1385128
발안로,빨간돼지왕족발 부근,0,360,400,Y,N,127.0467981,37.1387494
발안로,바오1976 앞,10,360,700,Y,N,127.0467026,37.1390265
서부로,가현건축 인근,10,360,300,N,N,127.0437291,37.1302063
초평로,신동아아파트앞교차로,10,360,600,Y,N,127.0434284,37.14074885
서동로19번길,서동로19번길 53 11시방면,10,360,300,N,N,127.0333326,37.14103595
서동로19번길,서동로19번길 53 1시방면,10,360,300,N,N,127.0336477,37.14106966
서동로19번길,서동로19번길 27 11시방면,10,360,300,N,N,127.0358286,37.1413123
서동로19번길,서동로19번길 18 6시방면,10,360,300,N,N,127.0375732,37.14148296
서동로19번길,서동로19번길 24 6시방면,10,360,300,N,N,127.0366869,37.14148324
서동로19번길,서동로19번길 4 건물 7시 50m,10,360,300,N,N,127.0381529,37.14150981
서동로19번길,서동로19번길 4 건물 6시방면,10,360,300,N,N,127.0386286,37.14178899
서동로,서동로 24 7시방면,10,360,600,Y,N,127.0390733,37.14203438
누읍로,휴먼시아 101동 12시방면,10,360,2200,Y,N,127.0503989,37.14166292
발안로,이림아파트 103동 좌측,10,360,700,Y,N,127.0469182,37.14184456
발안로,이림아파트 입구,10,360,700,N,N,127.0467974,37.14207663
발안로,초평도서관 주차장 입구,10,360,600,N,N,127.0467103,37.1423132
초평로,신동아아파트211동7시방면,10,360,600,Y,N,127.0451403,37.14262918
발안로,"늘푸른아파트,오산초등학교 버스정류장 9시방면 50m",10,360,1200,Y,N,127.0487229,37.14330806
초평로,신동아2차아파트 4시방면,10,360,600,Y,N,127.044806,37.14352586
초평로,신동아2차아파트 2시방면,10,360,600,Y,N,127.044863,37.14441563
가수로,오산초 부근,10,360,1100,Y,N,127.0492469,37.1444161
가수로,오산초 부근,10,360,1100,Y,N,127.0492331,37.1447225
벌음2길,오산양문교회 11시방면,10,360,300,N,N,127.0344756,37.14230387
벌음동,벌음동 44-2,10,360,300,N,N,127.04008,37.14266
벌음동,벌음동 44-2,10,360,300,N,N,127.04008,37.14266
벌음동,벌음동 44-2,10,360,300,N,N,127.04008,37.14266
벌음2길,오산양문교회 1시방면,10,360,300,N,N,127.0355394,37.1427676
초평로,신동아1차 101동 전방 75m,10,360,600,Y,N,127.043309,37.14350164
초평로,신동아1차 101동 전방 45m,10,360,600,Y,N,127.0432416,37.14367061
초평로,신동아2차아파트 9시방면,10,360,600,Y,N,127.0437176,37.14455798
초평로,신동아2차아파트11시방면,10,360,600,Y,N,127.0437769,37.14495668
서동로65번길,세론공영 앞 삼거리,10,360,400,N,N,127.0377105,37.14591614
초평로,신동아2차아파트 1시방면,10,360,600,Y,N,127.044669,37.1450487
가수로,늘푸른오스카빌아파트,10,360,600,Y,N,127.0482178,37.14560247
가수로,오산초 부근,10,360,1100,Y,N,127.0492055,37.14561907
가수로,가수주공아파트,10,360,400,Y,N,127.0508434,37.1457648
가수로,가수주공아파트,10,360,800,Y,N,127.0519352,37.14578686
가수로,가수주공아파트,10,360,800,Y,N,127.0514596,37.1457915
가수로,가수주공아파트,10,360,400,Y,N,127.0505846,37.1459541
가수로,가수주공아파트,10,360,400,Y,N,127.0503624,37.1461817
가수로,가수주공아파트 부근,10,360,600,Y,N,127.0519017,37.1462689
가수로,늘푸른오스카빌아파트,10,360,800,Y,N,127.0469943,37.146557
서동로,오산상사 근처,10,360,600,N,N,127.0384985,37.14615467
서동로65번길,서동로65번길20 6시방면,10,360,400,N,N,127.0366414,37.14639178
서동로65번길,서동로65번길20 9시방면,10,360,400,N,N,127.0364052,37.14664415
서동로65번길,서동로65번길32 9시방면,10,360,400,N,N,127.0359497,37.14744849
서동로,서동 221번지 앞,10,360,600,N,N,127.038991,37.147545
서동로,서동 247-1 남쪽 초입,10,360,600,Y,N,127.0390687,37.14958076
서동로,서2동경로당앞,10,360,400,N,N,127.0392745,37.15028126
충신이상재길 5번길,충신이상재길 5번길,10,360,400,N,N,127.03865,37.15051
충신이상재길 5번길,충신이상재길 5번길,10,360,400,N,N,127.03865,37.15051
충신이상재길 5번길,충신이상재길 5번길,10,360,400,N,N,127.03865,37.15051
가수로,늘푸른마트 옆,10,360,700,Y,N,127.0490964,37.1465584
가수로,늘푸른오스카빌아파트,10,360,800,Y,N,127.04877,37.14656537
가수로,늘푸른오스카빌아파트,10,360,800,Y,N,127.0483647,37.1465677
가수로,늘푸른오스카빌앞,10,360,300,Y,N,127.049118,37.146898
가수로,늘푸른오스카빌아파트,10,360,500,Y,Y,127.0467892,37.1470842
가수로,늘푸른오스카빌아파트,10,360,500,Y,Y,127.0467892,37.1471091
가수로,늘푸른오스카빌 107동 앞,10,360,300,Y,N,127.0488071,37.1474258
가수로,가수초 앞,10,360,1400,Y,N,127.0472931,37.1474715
가수로,의성교회 앞,10,360,400,Y,N,127.0464181,37.1475011
가장로,한빛농장 인근,10,360,1200,Y,N,127.0500681,37.1562827
서동로,서동로118 11시방면,10,360,600,Y,N,127.0391143,37.1505629
서동로,서동노인회관 버스정류장앞,10,360,600,Y,N,127.0392637,37.15102464
서동로,서동로126 12시방면,10,360,600,Y,N,127.039534,37.15143453
서동로,서동로160 9시방면,10,360,600,Y,N,127.0405739,37.15417566
서동로,서동로170 옆,10,360,600,Y,N,127.0410697,37.15499545
서동로,로터리안,10,360,400,Y,N,127.0412501,37.15550674
가장로,로터리 가장로 방면 50m,10,360,600,Y,N,127.0420157,37.15558756
가장로,동화종합건축앞,10,360,900,N,N,127.0436652,37.15614562
서부로,가장동 355-1번지,10,360,300,N,N,127.042614,37.157766
가장로,성철환경후문,10,360,300,N,N,127.042655,37.161136
가장로,성철환경후문,10,360,300,N,N,127.04236,37.161358
가장로,성철환경후문,10,360,300,N,N,127.041963,37.161527
수청로,금암초 앞,10,360,600,Y,N,127.0434864,37.1781134
수도권제2순환고속도로,오산휴게소 과천방향 입구,10,360,1000,N,N,127.0384022,37.1782233
수청로,금암초 앞,10,360,600,Y,N,127.0432726,37.1784829
지곶중앙로,지곶중앙로 1-20 지도기준 4시방면 50m,10,360,600,N,N,127.0343349,37.17961897
지곶중앙로,지곶중앙로 1-20 지도기준 5시방면 100m,10,360,600,N,N,127.0338874,37.17999979
독산성로,베이직푸드 입구 앞,10,360,600,N,N,127.029524,37.18053709
독산성로,독산성로 285 지도기준 5시방향,10,360,600,N,N,127.0299211,37.18109114
독산성로,두레보쌈 지도기준 5시 70m,10,360,300,N,N,127.0316246,37.18153897
세마문학로,e편한세상 오산세교아파트 120동 놀이터와 세마초 사이 도로,10,360,600,Y,N,127.028284,37.16978554
가장산업서북로,타이텍 정문 기준 12시방면,10,360,900,Y,N,127.0286368,37.17232193
서랑로,서랑동 버스정류장 지도 기준 3시방면 100m,10,360,600,N,Y,127.0080537,37.17262247
서랑로,서랑로 38 지도 기준 12시방면,10,360,500,N,N,127.0031078,37.17262721
서랑로,서랑동 버스정류장 지도 기준 3시방면,10,360,600,N,N,127.0069953,37.17264281
서랑로,서랑동 버스정류장 지도 기준 3시방면 120m,10,360,600,N,Y,127.0084478,37.17276886
서랑로 160,서랑동160번길,10,360,400,N,N,127.01639,37.17346
서랑로 160,서랑동160번길,10,360,400,N,N,127.01639,37.17346
서랑로 160,서랑동160번길,10,360,400,N,N,127.01639,37.17346
서랑로,서랑로 99 앞,10,360,500,N,N,127.0094501,37.17361578
대호로,국민주택 옆,10,360,1000,Y,N,127.0581371,37.1530059
가장로,노틀담사랑터 9시 방향,10,360,800,Y,N,127.0556833,37.15327071
가장로,노틀담사랑터 인근,0,360,600,Y,N,127.0556355,37.1533202
청학로,오산중교문 앞,10,360,900,Y,N,127.053284,37.1534181
대호로,그린빌 인근,10,360,1000,Y,N,127.0577361,37.1547606
대호로,대호로 34 gs25 앞,10,360,1000,Y,N,127.0577895,37.15476096
수목원로,근린생활용지 옆,10,360,600,Y,N,127.0526929,37.1549661
수목원로,용궁주택 부근,10,360,400,Y,N,127.0529974,37.1557431
궐동로,정선빌딩 앞,10,360,900,Y,N,127.0549889,37.1581863
궐리사로,대호초 뒤,10,360,500,Y,N,127.0576572,37.1584666
청학로17번길,오산중학교 전방,10,360,800,Y,Y,127.0617993,37.15389842
청학로17번길,오산중학교 전방,10,360,800,Y,Y,127.0613152,37.15393922
청학로,오산중 앞,10,360,600,Y,N,127.0612842,37.1539551
청학로43번길,오산대학교 내부,10,360,600,N,N,127.0616173,37.15508792
청학로43번길,오산대학교 내부,10,360,1200,N,N,127.0606858,37.15519652
청학로43번길,오산대학교 내부,10,360,600,N,Y,127.0620569,37.15581529
청학로43번길,오산대학교 내부,10,360,600,N,N,127.0616293,37.15597545
청학로43번길,오산대학교 내부,10,360,600,N,N,127.0611425,37.15613114
궐리사로,대한법률구조공단 옆,10,360,700,Y,N,127.0592059,37.1594322
궐리사로,자람터어린이집 앞,10,360,700,Y,N,127.0617504,37.1596179
청학로43번길,오산대학교 내부,10,360,800,N,N,127.0631851,37.15528532
청학로,청학도서관 지도기준 2시방향 80m,10,360,1200,Y,N,127.064778,37.15533402
청학로43번길,오산대학교 내부,10,360,1000,N,N,127.0625522,37.15577223
청학로43번길,오산대학교 내부,10,360,600,N,Y,127.0621892,37.15579945
청학로43번길,오산대학교 내부,10,360,800,N,N,127.0627661,37.15580591
매홀로,궐리사 앞,10,360,600,Y,N,127.0628417,37.1587005
매홀로,궐리사 옆,10,360,600,Y,N,127.0636327,37.1589388
매홀로,궐리사 옆,10,360,600,Y,N,127.0636751,37.1590537
매홀로,궐리사 옆,10,360,600,Y,N,127.0636322,37.1594232
매홀로,궐동제2어린이공원 옆,10,360,600,Y,N,127.0633803,37.1599301
궐리사로,대호초 앞,10,360,400,Y,N,127.0572526,37.1593363
궐리사로,대호초 앞,10,360,400,Y,N,127.0568615,37.1594378
궐리사로,대호초 앞,10,360,300,Y,N,127.0573485,37.1596629
대호로,센트하임아파트 앞,10,360,600,Y,N,127.0539035,37.1597005
궐리사로,대호빌딩 옆,10,360,400,Y,Y,127.0575062,37.1597034
궐리사로,대호빌딩 옆,10,360,400,Y,Y,127.0575484,37.1597709
궐리사로,대호초 앞,10,360,4200,Y,N,127.0576302,37.1598881
궐리사로,대호중 앞,10,360,700,Y,N,127.0570402,37.1613435
궐리사로,대호중 앞,10,360,700,Y,N,127.0566209,37.1613505
궐리사로,우남퍼스트빌아파트 앞,10,360,900,Y,N,127.0559991,37.1614589
궐리사로,안성학당 부근,10,360,700,Y,N,127.0614973,37.1598231
청학로147번길,공덕그린빌라 정문 앞,10,360,400,Y,N,127.0607234,37.16338937
매홀로77번길,청수산선불사 앞,10,360,400,N,N,127.0588122,37.16342413
청학로147번길,공덕그린빌라 정문 앞,10,360,400,Y,N,127.0606729,37.1635989
청학로173번길,궐동 제1어린이공원 입구 앞,10,360,400,N,Y,127.0600087,37.16372989
청학로173번길,수청2동경로회관 앞,10,360,400,N,Y,127.0602789,37.1637748
청학로173번길,오산새빛교회입구 앞,10,360,400,N,Y,127.0605154,37.16380847
청학로173번길,카페거닐다 앞,10,360,400,Y,N,127.0607265,37.16384891
청학로173번길,청학로173번길 22-1 앞,10,360,400,Y,N,127.0615373,37.16397014
청학로173번길,필헤어샵 앞,10,360,400,Y,N,127.0617822,37.1640083
가장로,서동입구 버스정류장 우측 100m,10,360,1200,Y,N,127.0463418,37.15637663
가장로,서동입구 버스정류장 우측,10,360,1200,Y,N,127.0454919,37.15639498
수목원로,물향기수목원 인근,10,360,400,Y,Y,127.0523181,37.1665358
금암로,동물어린이공원 인근,10,360,2000,Y,N,127.0498381,37.1703618
금암로,동물어린이공원 인근,10,360,600,Y,N,127.0498269,37.1706237
여계산로,금암마을휴먼시아데시앙6단지 후문 앞,10,360,2000,Y,N,127.0454218,37.1710777
금암로,창의나라유치원 앞,10,360,600,Y,N,127.0492727,37.1711077
금암로,창의나라유치원 앞,10,360,600,Y,N,127.0495204,37.1711707
금암로,바다가내곁에 앞,10,360,1400,Y,N,127.0516091,37.1711878
금암로,창의나라유치원 앞,10,360,600,Y,N,127.0493403,37.1712631
수목원로,베네치아빌리지아파트 앞,10,360,700,Y,Y,127.0526424,37.1633594
수목원로,베네치아빌리지아파트 앞,10,360,700,Y,Y,127.0526398,37.1636004
수목원로,물향기수목원 인근,10,360,400,Y,Y,127.0523901,37.16464807
수목원로,물향기수목원 인근,10,360,400,Y,Y,127.0523732,37.1648305
수목원로,물향기수목원 인근,10,360,400,Y,Y,127.0523625,37.1656551
수목원로,물향기수목원 인근,10,360,400,Y,Y,127.0523655,37.1658352
수목원로,물향기수목원 인근,10,360,400,Y,Y,127.0523208,37.1663375
수목원로,물향기수목원 인근,10,360,300,N,N,127.0523396,37.1691421
수목원로,물향기수목원 인근,10,360,300,N,N,127.0523257,37.1693583
오산대역로,수청초 앞,10,360,2000,Y,N,127.0551353,37.1699181
매홀로77번길,매홀로77번길 24-7 앞,10,360,400,N,N,127.0595138,37.16428654
매홀로77번길,매홀로77번길 24-17 앞,10,360,400,N,N,127.0599897,37.16461068
매홀로,매홀로 85 앞,10,360,400,N,N,127.0620588,37.16500833
오산대역로132번길,덕성족발 앞,10,360,600,Y,N,127.0591656,37.1690105
오산대역로132번길,강남빌 앞,10,360,600,Y,N,127.0590674,37.16940927
오산대역로132번길,오산대역환승주차장 출구 앞,10,360,600,Y,N,127.0603849,37.16959332
오산대역로132번길,오산대역로132번길 45 건물 동쪽 출구 앞,10,360,600,Y,N,127.060385,37.1697465
오산대역로132번길,봉평메밀고을 앞,10,360,600,Y,N,127.0589663,37.16974947
오산대역로132번길,오산대역환승주차장 입구 앞,10,360,600,Y,N,127.0602247,37.16985922
수청로,CU 오산물향기점 앞,10,360,1200,Y,N,127.0587109,37.17066867
매홀로,오산대우아파트 106동 주차장 출구 앞,10,360,400,Y,N,127.0624683,37.16323078
매홀로,오산대우아파트 113동 주차장 출구 앞,10,360,400,Y,N,127.0624318,37.16339074
매홀로,오산대우아파트 103동 놀이터 앞 도로,10,360,600,N,N,127.0628364,37.16585041
매홀로,오산대우아파트 103동 놀이터 앞 도로,10,360,600,N,N,127.063101,37.16590433
매홀로,오산대역 2번출구 주차장 앞,10,360,600,Y,N,127.0625409,37.16935568
내삼미로79번길,수청동 635-2번지 앞,10,360,600,Y,N,127.064664,37.169446
내삼미로,삼미마을16단지아파트 옆,10,360,1600,Y,N,127.0656766,37.1725684
내삼미로,세미초 옆,10,360,1500,Y,N,127.0656272,37.1739921
삼미로,카페 안 앞,10,360,400,N,N,127.0663621,37.1773955
삼미로,LEE하우스에너자인 앞,10,360,400,N,N,127.0668158,37.1779449
오산대역로,수청초등학교앞 버스정류장 수청초방면 50m,10,360,1700,Y,N,127.0572157,37.17009048
오산대역로,수청초등학교 앞,10,360,1200,Y,N,127.0565289,37.17009982
오산대역로123번길,수청초등학교 앞,10,360,800,Y,Y,127.0564107,37.17016745
오산대역로123번길,수청초등학교 앞,10,360,800,Y,Y,127.0564023,37.17025982
수청로,물향기평생교육원 앞,10,360,1200,Y,N,127.0584167,37.17245516
수청로,향수세탁소 앞,10,360,1200,Y,N,127.0582061,37.1731603
수청로,신양리빙샤시 앞,10,360,500,N,N,127.0583555,37.1738833
수청로,세교교회 앞,10,360,800,Y,N,127.0554536,37.1740604
수청로,세교과일아저씨 앞,10,360,800,Y,N,127.0550992,37.1743805
수청로,카페몰리 앞,10,360,800,Y,N,127.055091,37.1746441
서랑로,서랑로 147-4 지도기준 6시방면 40m,10,360,500,N,N,127.0149394,37.173649
서랑로,서랑동저수지 버스정류장 지도 기준 3시 30m,10,360,500,N,N,127.0132813,37.17368299
서랑로,서랑로 21 지도기준 9시방면,10,360,500,N,N,127.0015905,37.17372652
양산로,서랑로 21 앞,10,360,500,N,N,127.0019367,37.17378734
서랑로105번길,서랑동마을입구 버스정류장,10,360,500,N,N,127.0098639,37.17389282
서랑로,서랑로 113 앞,10,360,500,N,N,127.0106521,37.17395808
서랑로,서랑로 113 지도기준 4시방면 30m,10,360,500,N,N,127.0112067,37.17396704
서랑로105번길,서랑동105번길14,10,360,400,N,N,127.009529,37.173986
서랑로105번길,서랑로105번길 29-1 지도 기준 12시 방면,10,360,500,N,N,127.0068659,37.17415434
서랑로105번길,서랑로105번길 13 지도 기준 12시 방면,10,360,500,N,N,127.0083495,37.17418578
여계산로,금암마을휴먼시아데시앙6단지 정문 앞,10,360,2000,Y,N,127.0453971,37.1721928
금암로,오산생명숲어린이집 앞,10,360,600,Y,N,127.0493298,37.1723894
금암로,오산생명숲어린이집 부근,10,360,600,Y,N,127.0497465,37.1725741
여계산로,문시초 옆,10,360,600,Y,N,127.0449253,37.1740739
여계산로,문시초 옆,10,360,1300,Y,N,127.0447764,37.1744411
여계산로,문시초 정문 앞,10,360,600,Y,N,127.0455901,37.1746999
여계산로,문시초 앞,10,360,600,Y,N,127.0464714,37.1748617
수목원로464번길,금암동 500-3번지 앞,10,360,600,Y,N,127.05105,37.175784
수청로,홈플러스익스프레스 앞,10,360,600,Y,N,127.0453659,37.1764097
수청로,세교유치원 부근,10,360,4100,Y,N,127.0442118,37.1765656
서랑로105번길,서랑동노인마을회관 건물 뒤,10,360,500,N,N,127.0063958,37.17449902
양산로,양산로 16 앞,10,360,500,N,N,127.0029699,37.17464332
양산로,양산로 28 지도기준 6시방면,10,360,500,N,N,127.0031219,37.17545652
독산성로,독산성로 199 건물 앞,10,360,600,N,N,127.0211811,37.17638276
독산성로,독산성로 200 공장 앞,10,360,600,N,Y,127.0219215,37.17638938
독산성로,독산성로 200 공장 앞,10,360,600,N,Y,127.0221636,37.17645917
양산로,디엠씨철골공장 앞,10,360,500,N,N,127.0026547,37.17675631
독산성로,오산 교회 주차장 앞,10,360,600,N,N,127.0203029,37.17695283
독산성로,독산성로 226 건물 앞,10,360,600,N,N,127.0244329,37.17736203
독산성로,오산 교회 지도 기준 11시 방면 100m,10,360,600,N,N,127.0200103,37.17754532
독산성로,지곶동 버스정류장 지도기준 1시방면,10,360,600,N,N,127.0248524,37.17759847
양산로,양산로 58 앞,10,360,500,N,N,127.0028434,37.17807409
지곶길,지곶길 27-1 건물 앞,10,360,400,N,N,127.0223978,37.17832656
지곶길,지곶길 27-1 지도 기준 9시 40m,10,360,400,N,N,127.0219952,37.17835817
지곶길,지곶길 59 앞 삼거리,10,360,300,N,N,127.0253707,37.17842958
지곶길,어부나라 주차장 앞,10,360,300,N,N,127.0245036,37.17843878
지곶길,지곶길 15 건물 앞,10,360,400,N,N,127.0209621,37.17851154
독산성로,독산성로 140-4,10,360,500,Y,N,127.01683,37.17854
독산성로,독산성로 140-4,10,360,500,Y,N,127.01683,37.17854
독산성로,독산성로 140-4,10,360,500,Y,N,127.01683,37.17854
지곶길,태흥정밀 건물 뒤,10,360,300,N,N,127.0259592,37.17865922
지곶길,태흥정밀 앞,10,360,300,N,N,127.0262492,37.17878306
양산로,양산로 61 지도기준 3시방면,10,360,500,N,N,127.0037752,37.17884222
독산성로,초록빛꿈동산 앞,10,360,600,N,N,127.0193209,37.17887675
지곶43번길,지곶43번길 25 앞,10,360,300,N,N,127.0245826,37.17908977
지곶43번길,지곶43번길 21 앞,10,360,300,N,N,127.0240421,37.17909439
독산성로,국제물류보관창고 입구 앞,10,360,600,N,N,127.0275021,37.1791522
독산성로,연안차씨선영지 입구,10,360,600,N,N,127.0182118,37.17917877
독산성로,덕담오리 지도기준 2시방면 70m,10,360,600,N,N,127.0174573,37.17925998
독산성로,독산성컨설팅 앞 삼거리,10,360,600,N,N,127.0277865,37.17934136
독산성로,덕담오리 주차장 입구 앞,10,360,600,N,N,127.0167254,37.17940426
양산로,양산로 84 지도기준 9시 방면,10,360,500,N,N,127.0045016,37.17982209
독산성로,보적사입구 버스정류장 지도기준 2시방면,10,360,600,N,N,127.0287777,37.18001917
독산성로,독산성 주차장 앞 삼거리 지곶동 방면,10,360,600,Y,N,127.0156163,37.18009372
양산로,양산로 89 앞,10,360,500,N,N,127.0049436,37.18037397
독산성로,독산성 주차장 앞 삼거리 양산동 방면,10,360,600,N,N,127.0153827,37.18037983
독산성로,독산성 주차장 올라가는길 앞,10,360,600,Y,N,127.0156389,37.18040007
독산성로,독산성 주차장 입구,10,360,600,Y,N,127.0161627,37.18105101
양산로,거성보양탕앞,10,360,600,N,N,127.0071932,37.1818268
양산로,거성보양탕앞,10,360,600,N,N,127.0075451,37.18202501
수청로,세교유치원 앞,10,360,600,Y,N,127.0440911,37.1770252
수청로,오산침례교회 앞,10,360,1600,Y,N,127.0462899,37.1773622
수청로,소리어린이공원 앞,10,360,600,Y,N,127.0438829,37.1773789
수청로,필봉초 앞,10,360,1600,Y,N,127.0523062,37.1777494
수청로,죽미마을휴먼시아8단지아파트 앞,10,360,1000,Y,N,127.0471798,37.1780331
수청로,필봉초 앞,10,360,800,Y,N,127.0518954,37.1781281
수청로,필봉초 옆,10,360,600,Y,N,127.0517298,37.1789436
수청로,죽미마을휴먼시아10단지아파트 앞,10,360,1200,Y,N,127.0509022,37.178971
수청로,필봉초 옆,10,360,600,Y,N,127.0518961,37.1791237
유엔평화로,하늘정원교회 인근,10,360,700,Y,N,127.0486936,37.1854888
독산성로,독산성 주차장 초입에서 양산동 방면으로 길따라 400m,10,360,600,N,N,127.0119962,37.18229496
구내길,양산2천 구내길 교차점 지도기준 8시방면 100m,10,360,600,N,N,127.0040992,37.18282938
양산로,양산동 530-5,10,360,600,N,N,127.00966,37.18435
양산로,양산동 530-5,10,360,600,N,N,127.00966,37.18435
양산로,양산동 530-5,10,360,600,N,N,127.00966,37.18435
독산성로,솔마루숯불갈비 지도기준 8시 방면 100m,10,360,600,N,N,127.0096344,37.18437211
독산성로,솔마루숯불갈비 지도기준 7시 방면 90m,10,360,600,N,N,127.0092347,37.18477762
양산로,양산동 530-5,10,360,600,N,N,127.0092,37.18484
양산로,양산동 530-5,10,360,600,N,N,127.0092,37.18484
양산로,양산동 530-5,10,360,600,N,N,127.0092,37.18484
독산성로,두레보쌈 입구 앞,10,360,600,N,N,127.0310531,37.18161121
독산성로362번길,독산성로362번길 42 앞,10,360,300,N,N,127.038837,37.183276
독산성로,독산성로 343-12,10,360,400,N,N,127.03374,37.18416
독산성로,독산성로 343-12,10,360,400,N,N,127.03374,37.18416
독산성로,독산성로 343-12,10,360,400,N,N,127.03374,37.18416
큰말길,세교동537번지,10,360,300,N,N,127.033321,37.185088
큰말길,오산농협 창고옆,10,360,600,N,N,127.035743,37.185294
큰말길,세교동534-1번지,10,360,300,N,N,127.033285,37.185369
독산성로,세마교차로,10,360,300,Y,N,127.038549,37.185611
독산성로,세마교차로,10,360,300,Y,N,127.038529,37.185899
유엔평화로,하늘정원교회 앞,10,360,1500,Y,N,127.0482258,37.1856801
유엔평화로,등불어린이공원 부근,10,360,700,Y,N,127.0483851,37.1874464
유엔평화로,등불어린이공원 부근,10,360,600,Y,N,127.0483316,37.1874802
유엔평화로,등불어린이공원 부근,10,360,700,Y,N,127.0483571,37.1875411
유엔평화로,등불어린이공원 옆,10,360,800,Y,N,127.0476082,37.1876811
유엔평화로,등불어린이공원 옆,10,360,800,Y,N,127.0482981,37.1877799
유엔평화로,등불어린이공원 앞,10,360,600,Y,N,127.0477604,37.1879423
유엔평화로,㈜끌모레이저가공 부근,10,360,700,Y,N,127.0483356,37.1892125
유엔평화로,㈜끌모레이저가공 부근,10,360,600,Y,N,127.0482906,37.1892688
유엔평화로,㈜끌모레이저가공 부근,10,360,700,Y,N,127.0483694,37.1893139
경기대로,반석철강 인근,10,360,600,N,N,127.0607687,37.1714781
수청로8번길,수청동제3어린이공원,10,360,300,N,N,127.0596743,37.17158502
수청로8번길,수청로8번길 25 앞,10,360,600,N,N,127.0602036,37.17168837
수청로8번길,기쁨의교회 앞,10,360,600,Y,N,127.0590384,37.17188268
수청로8번길,기쁨카페숲 앞,10,360,600,Y,N,127.0589598,37.17216881
수청로8번길,수청로8번길 27 앞,10,360,600,N,N,127.0600211,37.17224712
수청로,물향기헤어샵 앞,10,360,1600,Y,N,127.0585521,37.1729236
수청로,아이다빌B동 앞,10,360,500,N,N,127.0588766,37.1739551
수청로,에이스빌 앞,10,360,500,N,N,127.0593666,37.1741058
수청로,오산방송케이블TV가입센터 앞,10,360,500,N,N,127.0589481,37.1753247
수청로,속눈썹공주 앞,10,360,600,Y,N,127.0552036,37.1747228
수청로,주현주택 앞,10,360,600,Y,N,127.056507,37.1747244
수청로,속눈썹공주 앞,10,360,800,Y,N,127.0550854,37.1748131
수청로,포트커피 앞,10,360,800,Y,N,127.0550856,37.1750472
수청로,대주전자 앞,10,360,500,N,N,127.0579373,37.1750887
수청로,제주오피스텔 앞,10,360,500,N,N,127.0584469,37.1751921
수청로,오산소방서 앞,10,360,900,Y,N,127.0545622,37.1753741
수청로,물향기유치원 앞,10,360,600,Y,N,127.0549819,37.1756623
수청로,수청동제1어린이공원 앞,10,360,600,N,N,127.0572651,37.1757851
수청로,수청동제1어린이공원 뒤,10,360,600,N,N,127.0572146,37.1761861
수청로,백청우칼국수 앞,10,360,600,Y,N,127.0539155,37.1765368
수청로,백청우칼국수 앞,10,360,600,Y,N,127.0540564,37.1766133
수청로,주향한교회 앞,10,360,600,Y,N,127.0539044,37.1766246
수청로,GS25편의점 앞,10,360,800,Y,N,127.0534627,37.1771384
수청로,스테이크박스 앞,10,360,700,Y,N,127.053367,37.1771565
수청로,GS25편의점 앞,10,360,700,Y,N,127.0534825,37.1772308
경기대로,비에스에이 앞,10,360,600,N,N,127.0571236,37.1824575
경기대로,삼정건설기계 앞,10,360,600,N,N,127.0546924,37.1881375
경기대로,세계로번역 옆,10,360,1000,N,N,127.0535356,37.1886246
경기대로,세계로번역 옆,10,360,800,N,N,127.0533612,37.1888612
북삼미로,신삼성운전전문학원 앞,10,360,500,Y,N,127.0633512,37.1824318
북삼미로,교육지원청사거리,10,360,400,Y,N,127.0627519,37.1897126
외삼미로,서동탄역더샵파크시티아파트 정문 앞,10,360,800,Y,N,127.0663968,37.1913415
외삼미로,서동탄역더샵파크시티아파트 정문 앞,10,360,600,Y,N,127.0655641,37.1921732
외삼미로,장수촌 앞,10,360,500,Y,N,127.0649601,37.1933877
외삼미로,천상마루 인근,10,360,400,N,N,127.0643496,37.1945031
외삼미로,천상마루 인근,10,360,400,N,N,127.0642878,37.1946833
외삼미로,봉평진메밀막국수보쌈 앞,10,360,600,N,N,127.0643309,37.1989408
외삼미로,민들레화로 앞,10,360,600,Y,N,127.0531623,37.1902602
외삼미로,경기남부데라코 앞,10,360,600,Y,N,127.0544919,37.1911358
외삼미로,부토라 오산지점 인근,10,360,300,N,N,127.0526504,37.1911412
외삼미로,삼미낚시터 앞,10,360,600,Y,N,127.0551058,37.1912144
외삼미로,삼미낚시터 앞,10,360,600,Y,N,127.0553986,37.1912458
외삼미로,루모스 앞,10,360,600,Y,N,127.0563983,37.1913444
외삼미로,느티나무식당 앞,10,360,600,Y,N,127.0569164,37.1914118
외삼미로,현대진모터스 앞,10,360,600,Y,N,127.0580089,37.1914361
외삼미로,현대진모터스 부근,10,360,600,Y,N,127.0585326,37.1914381
외삼미로,잉꼬주방 부근,10,360,600,N,N,127.0546837,37.1915908
외삼미로,현대진모터스 부근,10,360,600,Y,N,127.0587608,37.1915933
북삼미로,외삼미동 299-9번지,10,360,300,N,N,127.060997,37.191948
외삼미로,지구촌사랑교회 앞,10,360,600,Y,N,127.0593021,37.1925076
외삼미로,지구촌사랑교회 부근,10,360,600,Y,N,127.0594714,37.1928681
외삼미로,세명전기조명 앞,10,360,600,Y,N,127.0599337,37.1935075
외삼미로,부광전기 인근,10,360,600,N,N,127.0601171,37.1939895
외삼미로,한진휴먼테크 앞,10,360,400,N,N,127.0606454,37.1962802
외삼미로,노블킨더유치원 옆,10,360,400,N,N,127.0608371,37.19641522
외삼미로,노블킨더유치원 앞,10,360,300,N,N,127.0608037,37.1969536
외삼미로,자연글로벌리더스학원 앞,10,360,400,N,N,127.060697,37.1973163
외삼미로,외삼미동노인정 앞,10,360,600,N,N,127.0541461,37.1918186
외삼미로,순복음사랑의능력교회 앞,10,360,600,N,N,127.0526626,37.1923891
외삼미로,헬렌도른코리아 앞,10,360,600,N,N,127.0584157,37.1932357
외삼미로,장호연탄구이 인근,10,360,600,N,N,127.0584085,37.1947517
외삼미로,장호연탄구이 앞,10,360,600,N,N,127.0580876,37.1948893
외삼미로,지오카 앞,10,360,600,N,N,127.0576373,37.1952679
외삼미로,지오카 앞,10,360,600,Y,N,127.0572322,37.1954844
북삼미로,티아이엠 앞,10,360,300,N,N,127.0582702,37.1979956
외삼미로,브라운스톤빌라 앞,10,360,400,N,N,127.0604104,37.1981139
외삼미로,동탄순복음교회 앞,10,360,300,N,N,127.0618466,37.1981741
북삼미로,동탄셀프세차장 앞,10,360,300,N,N,127.0586617,37.1982116
외삼미로,동탄순복음교회 옆,10,360,400,N,N,127.0615847,37.1982237
외삼미로,브라운스톤빌라 앞,10,360,400,N,N,127.0606837,37.1983525
북삼미로,동탄셀프세차장 앞,10,360,300,N,N,127.0589688,37.1983646
외삼미로,아이엠디자인 앞,10,360,400,N,N,127.0618697,37.1989736
외삼미로,STCO 옆,10,360,600,N,N,127.0598733,37.1990332
큰말길 17번길,큰말길 17번길,10,360,300,N,N,127.03481,37.18615
큰말길 17번길,큰말길 17번길,10,360,300,N,N,127.03481,37.18615
큰말길 17번길,큰말길 17번길,10,360,300,N,N,127.03481,37.18615
큰말길 24번길,큰말길 24번길,10,360,400,N,N,127.03541,37.18668
큰말길 24번길,큰말길 24번길,10,360,400,N,N,127.03541,37.18668
큰말길 24번길,큰말길 24번길,10,360,400,N,N,127.03541,37.18668
서부로,세교동 425-7,10,360,600,Y,N,127.037321,37.187205
세남로,세남로 14번길 53,10,360,500,Y,N,127.04107,37.18954
세남로,세남로 14번길 53,10,360,500,Y,N,127.04107,37.18954
세남로,세남로 14번길 53,10,360,500,Y,N,127.04107,37.18954
양산로,솔마루숯불갈비 앞,10,360,600,N,N,127.0098879,37.18508843
구내길,세마교 구내길 방면 100m,10,360,600,N,N,127.006988,37.18551438
양산로,양산로 211 앞 도로,10,360,400,N,N,127.0128082,37.18918569
양산로,CW창우건설앞,10,360,400,N,N,127.0131011,37.18966322
양산로398번길,신명나라 입구,10,360,600,N,N,127.027575,37.19395425
양산로398번길,신명나라 주차장입구,10,360,600,N,N,127.0277525,37.19418623
한신대133번길,한신대133번길 37 앞,10,360,400,N,Y,127.0269585,37.19422696
한신대133번길,한신대133번길 33 앞,10,360,400,N,Y,127.0267304,37.19436893
한신대133번길,한신대133번길 31 앞,10,360,400,N,Y,127.0265165,37.19445908
양산로,한신대학교 테니스코트 앞,10,360,600,N,N,127.0168245,37.19460502
세남로,브런치그램 앞,10,360,600,Y,N,127.0355878,37.19186843
세남로,세남로 8-1 앞,10,360,400,Y,N,127.0355682,37.19211848
양산로398번길,용궁각 앞,10,360,600,Y,N,127.0332735,37.19231512
세남로,세남로 14-4 앞,10,360,400,Y,N,127.0351038,37.19260744
세남로,세남로 19 앞,10,360,600,Y,N,127.034628,37.19281482
세남로,세남로 24-1 앞,10,360,400,Y,N,127.0345043,37.19312347
세남로,봉바우주차장앞,10,360,400,Y,N,127.0340173,37.19351782
세남로,이마트24 오산양산점 앞,10,360,600,Y,N,127.0336513,37.19354721
양산로410번길,강씨가문의족발 양산점 앞,10,360,1200,Y,N,127.0356478,37.19385749
양산로410번길,느루찬 앞,10,360,1200,Y,N,127.0339837,37.19387825
외삼미로,행복한분식 앞,10,360,600,N,N,127.0482376,37.1901834
외삼미로,삼진디자인 옆,10,360,600,Y,N,127.0502369,37.1904417
외삼미로,경기종합건설 앞,10,360,600,N,N,127.0519896,37.1924322
경기대로,법무보호가족교육원 앞,10,360,600,N,N,127.0452551,37.1935388
외삼미로,서동탄역 인근,10,360,300,N,N,127.0506957,37.1944669
외삼미로,서동탄역 인근,10,360,300,N,N,127.0486071,37.1955288
외삼미로,서동탄역 인근,10,360,300,N,N,127.0478752,37.1959188
외삼미로15번길,외삼미동 251-5번지 앞,10,360,600,Y,N,127.051356,37.196671
한신대133번길,한신대133번길 21 앞,10,360,600,N,N,127.0256577,37.19475437
양산로398번길,영화식품기계 5시방면 50m,10,360,400,N,Y,127.0280371,37.19478762
한신대133번길,짱당구장 앞,10,360,400,N,N,127.0247032,37.19488072
양산로398번길,영화식품기계 앞,10,360,400,N,Y,127.0276261,37.19497468
양산로398번길,한신대133번길 53 앞,10,360,400,N,Y,127.0273051,37.19510991
양산로348번길,한신대133번길 17-13 앞,10,360,400,N,N,127.0262014,37.19537147
양산로,한신대학교 주차장8 담장 밖,10,360,600,N,N,127.0187282,37.19544497
양산로,한신대학교 후문,10,360,600,N,N,127.019511,37.19548088
한신대길,양산로348번길 16 앞,10,360,400,N,N,127.0247851,37.19549341
한신대133번길,양산로 362 앞,10,360,400,N,N,127.0249569,37.1956871
양산로410번길,양산도서관 주차장 앞,10,360,1500,Y,N,127.0332348,37.19399335
양산로410번길,양산도서관 주차장 앞,10,360,1500,Y,N,127.032728,37.19427281
양산로398번길,한신대후문 버스정류장 늘푸른오스카빌 방면 50m,10,360,600,Y,N,127.0304557,37.19430721
양산로398번길,한신대후문 버스정류장 앞,10,360,600,Y,N,127.0298617,37.19469932
양산로410번길,오산시육아종합지원센터 앞,10,360,1200,Y,N,127.0319088,37.19470554
양산로398번길,한신대후문 버스정류장 한신대 방면 50m,10,360,600,Y,N,127.0293747,37.19493371
양산로,오산세마공원 세마e편한세상 113동 사이 도로,10,360,800,Y,N,127.0319569,37.19518083
양산로410번길,파리바게트 오산양산점 앞,10,360,1200,Y,N,127.0306814,37.19535913
양산로,오산세마공원 세마e편한세상 사랑해어린이집 사이 도로,10,360,800,Y,N,127.0327289,37.19620557
양산로,양산로 419 앞,10,360,900,Y,N,127.0300287,37.19688658
양산로348번길,양산로348번길 30 앞,10,360,400,N,N,127.0260777,37.19588284
양산로,양산로355 앞,10,360,600,Y,N,127.0241686,37.19602291
양산로,양산동 445-3,10,360,600,Y,N,127.023077,37.196037
양산로,유일하이진 앞,10,360,600,Y,Y,127.0249401,37.19610835
한신대길,양산동379-6번지,10,360,600,Y,N,127.023206,37.196128
양산로,유일하이진 앞,10,360,600,Y,Y,127.0251964,37.19621417
한신대길,현대E마트 앞,10,360,600,Y,N,127.0232028,37.19622584
한신대길,커피더테이블앞,10,360,600,Y,N,127.0232847,37.19703452
양산로,양산초등학교 세마e편한세상 130동 사이 도로,10,360,800,Y,N,127.0327997,37.19722825
양산로,양산로 427 앞,10,360,900,Y,N,127.0305414,37.19735274
양산로,양산초등학교 사거리 방면,10,360,1200,Y,N,127.032462,37.19776672
양산로,대림아파트 버스정류장 한일타운아파트 방면 150m,10,360,900,Y,N,127.0360158,37.19777695
양산로,세마 e편한세상 아파트 130동 사거리방면 앞,10,360,1200,Y,N,127.033259,37.19783407
양산로,대림아파트 버스정류장 앞,10,360,900,Y,N,127.034529,37.19784272
양산로,양산초교앞 사거리,10,360,300,Y,N,127.033044,37.19791
양산로,양산초교앞 사거리,10,360,300,Y,N,127.032687,37.198044
