rd_nm,addr,crsswlk_type,crsswlk_wdth,crsswlk_lngth,lon,lat
오산로,경기도 오산시 갈곶동 711,1,4.0,7.0,127.0672024,37.13511283
오산로,경기도 오산시 갈곶동 711,1,4.0,6.0,127.0672024,37.1351166
오산로,경기도 오산시 갈곶동 711,1,4.0,26.0,127.0672024,37.13511283
경기대로,경기도 오산시 갈곶동 718,1,6.0,11.0,127.0719597,37.12932929
경기대로,경기도 오산시 갈곶동 718,1,6.0,11.0,127.0719597,37.12932929
경기대로,경기도 오산시 갈곶동 718,1,6.0,11.0,127.0719597,37.12932929
경기대로,경기도 오산시 갈곶동 718,1,2.0,6.0,127.0719597,37.12932929
남부대로,경기도 오산시 고현동 109,4,4.0,25.0,127.0853656,37.132717
남부대로,경기도 오산시 고현동 111,1,4.0,17.0,127.0866164,37.13185801
남부대로,경기도 오산시 고현동 133,1,4.0,16.0,127.0874913,37.13155676
남부대로,경기도 오산시 고현동 137,1,2.0,9.0,127.0874001,37.131517
남부대로,경기도 오산시 고현동 17-3,4,4.0,7.0,127.0807971,37.13587151
남부대로,경기도 오산시 고현동 174-5,1,4.0,17.0,127.0888877,37.13042717
남부대로,경기도 오산시 고현동 191-1,1,4.0,17.0,127.091517,37.129796
남부대로,경기도 오산시 고현동 21-3,4,5.0,18.0,127.0816482,37.1355702
말머리로,경기도 오산시 고현동 21-3,4,4.0,12.0,127.0816482,37.1355702
말머리로,경기도 오산시 고현동 21-3,4,4.0,14.0,127.0816482,37.1355702
남부대로,경기도 오산시 고현동 21-8,4,4.0,7.0,127.0811377,37.13586984
남부대로,경기도 오산시 고현동 23-12,4,4.0,5.0,127.0815307,37.135932
남부대로,경기도 오산시 고현동 24,4,4.0,20.0,127.0813693,37.1360207
동부대로,경기도 오산시 고현동 269,1,6.0,11.0,127.0802098,37.13216601
동부대로,경기도 오산시 고현동 269,1,6.0,11.0,127.0802098,37.13216601
남부대로,경기도 오산시 고현동 275,1,4.0,8.0,127.0819683,37.13434198
남부대로,경기도 오산시 고현동 275,1,4.0,20.0,127.0819683,37.13434198
남부대로,경기도 오산시 고현동 275,4,4.0,20.0,127.0819683,37.13434198
남부대로,경기도 오산시 고현동 275,4,4.0,6.0,127.0819683,37.13434198
남부대로,경기도 오산시 고현동 275,4,4.0,6.0,127.0819683,37.13434198
남부대로,경기도 오산시 고현동 37,1,2.0,5.0,127.0824574,37.13501053
남부대로,경기도 오산시 고현동 54,4,4.0,17.0,127.0834219,37.13387583
남부대로,경기도 오산시 고현동 54,4,4.0,17.0,127.0834219,37.13387583
남부대로,경기도 오산시 고현동 56,1,2.0,17.0,127.084029,37.13363302
남부대로,경기도 오산시 고현동 57-5,1,2.0,6.0,127.083962,37.133815
남부대로,경기도 오산시 고현동 58-1,1,2.0,4.0,127.0845325,37.13376272
동부대로,경기도 오산시 고현동 6-10,1,4.0,28.0,127.078291,37.13343424
동부대로,경기도 오산시 고현동 6-7,1,4.0,9.0,127.0785297,37.13307806
남부대로,경기도 오산시 고현동 91-4,1,4.0,13.0,127.0852298,37.1326751
청학로,경기도 오산시 궐동 103-6,1,6.0,17.0,127.0645524,37.15849828
오산로,경기도 오산시 궐동 13-2,1,6.0,6.0,127.0662366,37.16003273
오산로,경기도 오산시 궐동 13-2,1,3.0,14.0,127.0662366,37.1600164
오산로,경기도 오산시 궐동 13-2,1,4.0,11.0,127.0662366,37.16003273
은여울로,경기도 오산시 궐동 19-29,1,4.0,6.0,127.0682984,37.1612384
오산로,경기도 오산시 궐동 39-2,1,4.0,6.0,127.066509,37.15932496
오산로,경기도 오산시 궐동 43-2,1,4.0,6.0,127.0668072,37.158581
오산로,경기도 오산시 궐동 44-2,1,4.0,6.0,127.0669684,37.15815515
발안로,경기도 오산시 가수동 115-2,1,5.0,7.0,127.0514206,37.146229
가수로,경기도 오산시 가수동 13-4,1,4.0,16.0,127.049144,37.146684
가수로,경기도 오산시 가수동 13-4,1,4.0,13.0,127.0491785,37.14661136
가수로,경기도 오산시 가수동 13-4,1,4.0,16.0,127.049155,37.14661136
발안로,경기도 오산시 가수동 139-2,1,4.0,7.0,127.052512,37.146235
가수로,경기도 오산시 가수동 15-1,1,5.0,15.0,127.0491137,37.147321
초평중앙로,경기도 오산시 가수동 183,1,4.0,22.0,127.0545743,37.1445121
초평중앙로,경기도 오산시 가수동 184,1,6.0,22.0,127.0551856,37.14416786
가수행복로,경기도 오산시 가수동 186,1,4.0,19.0,127.055481,37.144586
가수행복로,경기도 오산시 가수동 198-1,1,4.0,20.0,127.0575077,37.1454085
가수행복로,경기도 오산시 가수동 200-1,1,4.0,20.0,127.0566384,37.14505191
수목원로,경기도 오산시 가수동 207-4,1,7.0,30.0,127.0549634,37.14518036
감투로,경기도 오산시 가수동 216-1,1,6.0,20.0,127.0562579,37.1470409
수목원로,경기도 오산시 가수동 220-1,1,7.0,30.0,127.054875,37.14667256
삼국마을로,경기도 오산시 가수동 220-1,1,6.0,22.0,127.054875,37.14667256
수목원로,경기도 오산시 가수동 222,1,6.0,30.0,127.0546236,37.14738078
감투로,경기도 오산시 가수동 225,1,6.0,20.0,127.055203,37.14711946
감투로,경기도 오산시 가수동 235-7,1,6.0,20.0,127.0571414,37.14741765
가수행복로,경기도 오산시 가수동 241,1,2.0,4.0,127.0582879,37.1460216
가수행복로,경기도 오산시 가수동 242,1,4.0,20.0,127.0580714,37.14572571
가수행복로,경기도 오산시 가수동 261,1,6.0,11.0,127.0604847,37.14703851
가수행복로,경기도 오산시 가수동 261,1,6.0,9.0,127.0604847,37.14703851
가수행복로,경기도 오산시 가수동 266,1,2.0,6.0,127.0600381,37.14752786
가수행복로,경기도 오산시 가수동 266,1,6.0,9.0,127.0600381,37.1475203
가수행복로,경기도 오산시 가수동 274-5,1,6.0,9.0,127.0594215,37.1482151
가장로,경기도 오산시 가수동 289-12,1,6.0,32.0,127.0609877,37.149995
청학로,경기도 오산시 가수동 294-4,1,6.0,16.0,127.061633,37.1502604
황새로,경기도 오산시 가수동 300-14,1,2.0,11.0,127.061549,37.149158
황새로,경기도 오산시 가수동 300-14,1,5.0,11.0,127.0615169,37.14912212
가수로,경기도 오산시 가수동 30-1,1,4.0,22.0,127.0468127,37.1474401
성호대로,경기도 오산시 가수동 303-3,1,8.0,20.0,127.0621364,37.14959033
성호대로,경기도 오산시 가수동 303-9,1,3.0,5.0,127.0622123,37.14968715
가수로,경기도 오산시 가수동 30-4,1,2.0,5.0,127.0468142,37.14737036
황새로,경기도 오산시 가수동 332-5,1,2.0,11.0,127.0617658,37.1466096
황새로,경기도 오산시 가수동 372-1,1,2.0,4.0,127.0617374,37.14358238
감투로,경기도 오산시 가수동 389-4,1,6.0,22.0,127.061913,37.14772281
감투로,경기도 오산시 가수동 389-4,1,6.0,22.0,127.061913,37.14772281
감투로,경기도 오산시 가수동 389-4,1,4.0,22.0,127.061913,37.14772281
발안로,경기도 오산시 가수동 389-4,1,6.0,20.0,127.061913,37.14772281
수목원로,경기도 오산시 가수동 391-31,1,6.0,30.0,127.0550004,37.14464351
가수로,경기도 오산시 가수동 398,1,2.0,5.0,127.0472681,37.14722267
가수로,경기도 오산시 가수동 398,1,2.0,5.0,127.0472681,37.14722267
가수로,경기도 오산시 가수동 398,1,2.0,6.0,127.0472681,37.14722267
가수로,경기도 오산시 가수동 398,1,2.0,6.0,127.0472681,37.14722267
가수로,경기도 오산시 가수동 398,1,2.0,6.0,127.0472681,37.14722267
가수로,경기도 오산시 가수동 398,1,2.0,11.0,127.0472681,37.14722267
가수로,경기도 오산시 가수동 398,1,2.0,5.0,127.0472681,37.14722267
가수로,경기도 오산시 가수동 48-4,1,4.0,15.0,127.0492683,37.1456461
가장로,경기도 오산시 가장동 127-7,1,8.0,28.0,127.0321077,37.16175844
가장로,경기도 오산시 가장동 128-4,1,8.0,28.0,127.0311879,37.16172932
가장로,경기도 오산시 가장동 158,1,8.0,28.0,127.0350229,37.16103239
가장로,경기도 오산시 가장동 158,1,8.0,28.0,127.0350229,37.16103239
가장산업동로,경기도 오산시 가장동 16-19,1,4.0,8.0,127.0432807,37.16297435
가장로,경기도 오산시 가장동 162-1,1,2.0,8.0,127.0361864,37.16049994
가장산업동로,경기도 오산시 가장동 17-8,4,6.0,21.0,127.0418339,37.16274203
가장산업동로,경기도 오산시 가장동 17-8,4,6.0,3.0,127.0418366,37.16260236
가장산업동로,경기도 오산시 가장동 21-2,4,6.0,3.0,127.0412596,37.16261158
가장산업동로,경기도 오산시 가장동 22,4,6.0,21.0,127.041285,37.16274222
가장산업동로,경기도 오산시 가장동 22,4,6.0,40.0,127.0415664,37.16262498
가장로,경기도 오산시 가장동 245-1,1,6.0,34.0,127.0386683,37.15970473
가장로,경기도 오산시 가장동 245-7,4,3.0,6.0,127.0383562,37.15962753
서동로,경기도 오산시 가장동 249-5,4,3.0,16.0,127.0385391,37.1596016
가장로,경기도 오산시 가장동 260-10,4,7.0,35.0,127.0428823,37.15728606
가장로,경기도 오산시 가장동 260-3,4,7.0,32.0,127.0442581,37.15653261
가장산업동로,경기도 오산시 가장동 332-3,1,6.0,21.0,127.0429785,37.16269893
서부로,경기도 오산시 가장동 353-2,3,6.0,6.0,127.0419699,37.15808797
가장로,경기도 오산시 가장동 353-2,4,6.0,5.0,127.0419074,37.15808873
가장로,경기도 오산시 가장동 359-3,4,3.0,6.0,127.0440593,37.15654532
가장산업동로,경기도 오산시 가장동 379,1,6.0,20.0,127.0384294,37.16272826
가장산업동로,경기도 오산시 가장동 379,1,6.0,20.0,127.0384294,37.1627279
가장산업동로,경기도 오산시 가장동 379,1,6.0,11.0,127.0384294,37.1627703
가장산업동로,경기도 오산시 가장동 379,1,6.0,20.0,127.0384294,37.16273682
가장산업동로,경기도 오산시 가장동 379,1,6.0,20.0,127.0384929,37.1627364
가장산업동로,경기도 오산시 가장동 379,1,6.0,11.0,127.0384294,37.1627703
가장산업동로,경기도 오산시 가장동 379,1,6.0,20.0,127.0384294,37.16272278
가장산업동로,경기도 오산시 가장동 379,1,4.0,25.0,127.0384294,37.1627703
가장산업북로,경기도 오산시 가장동 379-1,1,8.0,23.0,127.0353715,37.16192783
가장산업북로,경기도 오산시 가장동 379-1,1,8.0,20.0,127.0353715,37.16192783
가장산업동로,경기도 오산시 가장동 379-2,1,4.0,12.0,127.037001,37.16172028
가장로,경기도 오산시 가장동 379-3,1,5.0,20.0,127.0386239,37.1611216
가장로,경기도 오산시 가장동 379-3,1,5.0,10.0,127.0386327,37.1611216
가장로,경기도 오산시 가장동 379-3,1,7.0,10.0,127.0386384,37.1611167
가장로,경기도 오산시 가장동 379-3,1,7.0,10.0,127.0386499,37.1611216
가장로,경기도 오산시 가장동 379-3,1,4.0,10.0,127.0386444,37.1611216
가장산업동로,경기도 오산시 가장동 379-4,1,4.0,10.0,127.0399063,37.16163027
가장산업동로,경기도 오산시 가장동 379-4,1,6.0,10.0,127.0399063,37.16162534
가장산업동로,경기도 오산시 가장동 379-5,1,5.0,8.0,127.0411502,37.16050832
가장산업동로,경기도 오산시 가장동 380-4,1,7.0,17.0,127.0353574,37.1627554
가장산업북로,경기도 오산시 가장동 383,1,7.0,11.0,127.0360516,37.1656466
가장산업북로,경기도 오산시 가장동 383,1,7.0,11.0,127.0360516,37.1656466
가장산업북로,경기도 오산시 가장동 383,1,3.0,9.0,127.0360516,37.1656466
가장산업북로,경기도 오산시 가장동 383,1,3.0,9.0,127.0360516,37.1656466
가장산업서북로,경기도 오산시 가장동 405,1,8.0,27.0,127.0319829,37.16510443
가장산업서북로,경기도 오산시 가장동 405,1,8.0,25.0,127.0319829,37.16510443
가장산업서북로,경기도 오산시 가장동 405,1,8.0,25.0,127.0319829,37.16510443
가장산업서북로,경기도 오산시 가장동 405,1,8.0,25.0,127.0319829,37.16510443
가장산업서북로,경기도 오산시 가장동 405,1,8.0,25.0,127.0319829,37.16510443
가장산업서북로,경기도 오산시 가장동 405,1,8.0,25.0,127.0319829,37.16510443
가장산업서북로,경기도 오산시 가장동 405,1,8.0,25.0,127.0319829,37.16510443
가장산업서북로,경기도 오산시 가장동 405,1,3.0,20.0,127.0319829,37.16510443
가장산업서북로,경기도 오산시 가장동 405,1,3.0,6.0,127.0319829,37.16517573
가장산업서로,경기도 오산시 가장동 405-1,1,6.0,15.0,127.0295387,37.16531178
가장산업서로,경기도 오산시 가장동 405-1,1,4.0,13.0,127.0295387,37.16531178
가장산업서로,경기도 오산시 가장동 405-1,1,4.0,13.0,127.0295387,37.16531178
가장산업서로,경기도 오산시 가장동 405-1,1,4.0,10.0,127.0295387,37.16531178
가장산업서로,경기도 오산시 가장동 405-1,1,4.0,10.0,127.029581,37.16531178
가장산업서북로,경기도 오산시 가장동 405-1,1,4.0,10.0,127.0295858,37.16531178
가장산업서북로,경기도 오산시 가장동 405-1,1,3.0,10.0,127.0295387,37.16531178
가장산업서북로,경기도 오산시 가장동 405-1,1,3.0,10.0,127.0295387,37.16531178
가장산업서북로,경기도 오산시 가장동 405-1,1,6.0,16.0,127.0295387,37.16531178
가장산업서북로,경기도 오산시 가장동 405-2,1,3.0,10.0,127.0309204,37.16553576
오산로,경기도 오산시 갈곶동 146,1,2.0,4.0,127.0677215,37.13175611
가장산업서북로,경기도 오산시 가장동 405-2,1,6.0,15.0,127.0309204,37.16553576
가장산업서로,경기도 오산시 가장동 405-3,1,4.0,11.0,127.0285182,37.16367465
가장산업서로,경기도 오산시 가장동 405-4,1,4.0,14.0,127.0345275,37.16529855
가장산업서로,경기도 오산시 가장동 405-4,1,4.0,10.0,127.0345275,37.16529855
가장산업서로,경기도 오산시 가장동 405-4,1,4.0,14.0,127.0345275,37.16529855
가장산업서북로,경기도 오산시 가장동 405-4,1,4.0,14.0,127.034517,37.16529855
가장산업서북로,경기도 오산시 가장동 405-4,1,4.0,10.0,127.0345275,37.16529855
가장산업서북로,경기도 오산시 가장동 405-4,1,4.0,10.0,127.0345275,37.16529855
가장산업서북로,경기도 오산시 가장동 405-4,1,4.0,10.0,127.0345769,37.16529855
가장산업서북로,경기도 오산시 가장동 405-4,1,4.0,20.0,127.0345275,37.16529855
가장산업서북로,경기도 오산시 가장동 405-5,1,5.0,11.0,127.0330054,37.16540766
가장산업서북로,경기도 오산시 가장동 405-5,1,3.0,18.0,127.0330054,37.16541696
가장산업서로,경기도 오산시 가장동 405-6,1,3.0,11.0,127.0350075,37.16523576
가장산업서로,경기도 오산시 가장동 406,1,8.0,21.0,127.0334631,37.16293087
가장산업서로,경기도 오산시 가장동 406,1,4.0,16.0,127.0334631,37.16293087
가장산업서로,경기도 오산시 가장동 406,1,4.0,12.0,127.0334999,37.16293087
가장산업서로,경기도 오산시 가장동 406,1,8.0,19.0,127.0334631,37.16293087
가장산업서로,경기도 오산시 가장동 406,1,8.0,19.0,127.0334631,37.16293087
서부로,경기도 오산시 가장동 산 5-6,3,6.0,6.0,127.0425869,37.15813065
오산로,경기도 오산시 갈곶동 110-5,1,4.0,7.0,127.0678729,37.13364557
오산로,경기도 오산시 갈곶동 126-1,1,6.0,17.0,127.0689884,37.13356891
오산로,경기도 오산시 갈곶동 126-19,1,4.0,18.0,127.0690127,37.13283098
오산로,경기도 오산시 갈곶동 126-19,1,6.0,14.0,127.0690672,37.13283098
오산로,경기도 오산시 갈곶동 132-11,1,4.0,6.0,127.0679139,37.13218167
오산로,경기도 오산시 갈곶동 137,1,4.0,9.0,127.0672829,37.13111505
오산로,경기도 오산시 갈곶동 143,1,6.0,17.0,127.0686758,37.13112459
오산로,경기도 오산시 갈곶동 146,1,2.0,4.0,127.0677346,37.1317832
오산로,경기도 오산시 갈곶동 146,1,6.0,14.0,127.0677215,37.13175611
오산로,경기도 오산시 갈곶동 148,1,6.0,17.0,127.0684039,37.13155526
오산로,경기도 오산시 갈곶동 150-1,1,2.0,20.0,127.0695665,37.13191961
오산로,경기도 오산시 갈곶동 159-30,1,4.0,6.0,127.0692946,37.13150831
오산로,경기도 오산시 갈곶동 162-11,1,4.0,6.0,127.069018,37.13122703
오산로,경기도 오산시 갈곶동 162-14,1,4.0,9.0,127.0684206,37.1313052
오산로,경기도 오산시 갈곶동 173-7,1,6.0,8.0,127.0677581,37.13076261
오산로,경기도 오산시 갈곶동 174-1,4,6.0,13.0,127.0676769,37.1302289
오산로,경기도 오산시 갈곶동 174-1,1,6.0,15.0,127.0676609,37.13023947
오산로,경기도 오산시 갈곶동 175-6,4,4.0,4.0,127.0677979,37.13011956
오산로,경기도 오산시 갈곶동 178-4,1,6.0,12.0,127.0674823,37.12958818
오산로,경기도 오산시 갈곶동 184-2,1,4.0,7.0,127.0671633,37.12851191
오산로,경기도 오산시 갈곶동 186-2,1,4.0,7.0,127.0669742,37.12766849
오산로,경기도 오산시 갈곶동 208,1,2.0,11.0,127.0683101,37.12938673
오산로,경기도 오산시 갈곶동 208,1,2.0,11.0,127.0683151,37.12938673
오산로,경기도 오산시 갈곶동 208-1,4,4.0,6.0,127.067943,37.12995841
경기대로,경기도 오산시 갈곶동 224-7,1,4.0,6.0,127.0708192,37.1298733
경기대로,경기도 오산시 갈곶동 224-7,1,2.0,13.0,127.0708331,37.12981414
경기대로,경기도 오산시 갈곶동 225-1,4,8.0,6.0,127.0703373,37.12888629
경기대로,경기도 오산시 갈곶동 225-1,4,4.0,6.0,127.0703373,37.12888629
경기대로,경기도 오산시 갈곶동 225-1,4,8.0,19.0,127.0703373,37.12888629
오산천로,경기도 오산시 갈곶동 22-8,1,2.0,36.0,127.0617965,37.1347171
경기대로,경기도 오산시 갈곶동 232-2,4,4.0,6.0,127.0687753,37.12843455
경기대로,경기도 오산시 갈곶동 232-2,4,4.0,6.0,127.0687753,37.1284323
경기대로,경기도 오산시 갈곶동 233,4,9.0,21.0,127.0676275,37.12755928
경기대로,경기도 오산시 갈곶동 236-7,1,2.0,4.0,127.0717724,37.12581507
경기대로,경기도 오산시 갈곶동 236-7,1,2.0,4.0,127.0717128,37.12581507
오산로,경기도 오산시 갈곶동 269-6,1,4.0,6.0,127.070629,37.1310713
오산로,경기도 오산시 갈곶동 271-5,1,2.0,4.0,127.0712341,37.1313531
경기대로,경기도 오산시 갈곶동 276,1,4.0,14.0,127.0732557,37.1313547
동부대로,경기도 오산시 갈곶동 302-22,1,4.0,13.0,127.0767239,37.1275519
동부대로,경기도 오산시 갈곶동 302-28,1,6.0,13.0,127.0773243,37.1275401
동부대로,경기도 오산시 갈곶동 332-3,1,8.0,30.0,127.0782457,37.13231194
동부대로,경기도 오산시 갈곶동 352-3,1,6.0,15.0,127.0791351,37.1293815
동부대로,경기도 오산시 갈곶동 363,1,7.0,19.0,127.0793528,37.12741671
동부대로,경기도 오산시 갈곶동 363,1,4.0,13.0,127.0793203,37.12741671
엘지로,경기도 오산시 갈곶동 384-3,1,4.0,18.0,127.0796352,37.126004
청호로,경기도 오산시 갈곶동 706-1,1,8.0,13.0,127.0795086,37.1275837
동부대로,경기도 오산시 갈곶동 709,1,6.0,12.0,127.0788409,37.1316188
동부대로,경기도 오산시 갈곶동 709,1,3.0,8.0,127.0788409,37.1316431
경기대로,경기도 오산시 내삼미동 569-7,1,2.0,8.0,127.0533296,37.1800084
경기대로,경기도 오산시 내삼미동 570-13,1,4.0,5.0,127.0534567,37.1804994
경기대로,경기도 오산시 내삼미동 570-13,1,4.0,5.0,127.0530514,37.1807064
경기대로,경기도 오산시 내삼미동 573-28,1,4.0,3.0,127.0514792,37.18138938
경기대로,경기도 오산시 내삼미동 573-28,1,4.0,8.0,127.0514792,37.18138938
경기대로,경기도 오산시 내삼미동 576-16,1,4.0,3.0,127.0514611,37.1812819
경기대로,경기도 오산시 내삼미동 578-2,1,4.0,13.0,127.0503497,37.1822263
경기대로,경기도 오산시 내삼미동 578-2,1,2.0,12.0,127.0467504,37.1827559
경기대로,경기도 오산시 내삼미동 710-22,1,3.0,15.0,127.0576583,37.17801832
경기대로,경기도 오산시 내삼미동 710-28,1,2.0,11.0,127.0494381,37.1830894
수청로,경기도 오산시 내삼미동 872,1,5.0,7.0,127.0584727,37.17460167
수청로,경기도 오산시 내삼미동 875,1,6.0,15.0,127.0593269,37.17313048
수청로,경기도 오산시 내삼미동 875,1,6.0,16.0,127.0593269,37.17313048
수청로,경기도 오산시 내삼미동 876,1,6.0,11.0,127.0578375,37.17419517
수청로,경기도 오산시 내삼미동 876,1,6.0,12.0,127.0578375,37.17419517
수청로,경기도 오산시 내삼미동 876,1,6.0,12.0,127.0578375,37.17419517
수청로,경기도 오산시 내삼미동 876,1,4.0,9.0,127.0578375,37.17419517
수청로,경기도 오산시 내삼미동 876,1,4.0,9.0,127.0578375,37.17419517
수청로,경기도 오산시 내삼미동 876,1,6.0,13.0,127.0578375,37.17419517
수청로,경기도 오산시 내삼미동 876,1,6.0,15.0,127.0578375,37.17419517
수청로,경기도 오산시 내삼미동 877,1,4.0,6.0,127.0556402,37.17471809
문헌공로,경기도 오산시 내삼미동 890-1,1,3.0,8.0,127.0566105,37.17665045
수청로,경기도 오산시 내삼미동 891,1,4.0,10.0,127.0542826,37.17552108
수청로,경기도 오산시 내삼미동 891,1,6.0,12.0,127.0542826,37.17552108
수청로,경기도 오산시 내삼미동 891,1,6.0,12.0,127.0542826,37.17552108
수청로,경기도 오산시 내삼미동 891-1,1,4.0,7.0,127.0550772,37.17459286
수청로,경기도 오산시 내삼미동 891-5,1,4.0,7.0,127.0550802,37.17564137
수청로,경기도 오산시 내삼미동 891-6,1,5.0,6.0,127.054619,37.17576586
경기대로,경기도 오산시 내삼미동 901,1,8.0,28.0,127.062256,37.17372456
경기대로,경기도 오산시 내삼미동 901,1,8.0,28.0,127.062256,37.17372456
경기대로,경기도 오산시 내삼미동 901,1,8.0,27.0,127.062256,37.17372456
금암로,경기도 오산시 금암동 548-2,1,4.0,6.0,127.0487219,37.17172532
금암로,경기도 오산시 금암동 548-5,1,4.0,6.0,127.0496055,37.17191372
금암로,경기도 오산시 금암동 548-7,1,4.0,6.0,127.0488849,37.17137531
금암로,경기도 오산시 금암동 548-8,1,4.0,6.0,127.049205,37.17136181
오산대역로,경기도 오산시 금암동 549,1,8.0,21.0,127.0541282,37.1698763
오산대역로,경기도 오산시 금암동 산 73-1,1,4.0,4.0,127.0391392,37.1703139
북삼미로,경기도 오산시 내삼미동 251-2,1,6.0,13.0,127.0621461,37.18001605
북삼미로,경기도 오산시 내삼미동 251-2,1,5.0,14.0,127.0621461,37.18001605
북삼미로,경기도 오산시 내삼미동 251-2,1,4.0,14.0,127.0621461,37.18001605
북삼미로,경기도 오산시 내삼미동 331-5,1,8.0,20.0,127.0630318,37.18560693
북삼미로,경기도 오산시 내삼미동 331-5,1,4.0,8.0,127.0630318,37.18560693
경기대로,경기도 오산시 내삼미동 431-48,1,3.0,8.0,127.0578579,37.1780329
경기대로,경기도 오산시 내삼미동 462-14,1,3.0,22.0,127.0587048,37.1774085
경기대로,경기도 오산시 내삼미동 466-10,1,6.0,26.0,127.0570558,37.1782996
경기대로,경기도 오산시 내삼미동 466-10,1,3.0,8.0,127.0570995,37.1782996
문헌공로,경기도 오산시 내삼미동 466-27,1,6.0,24.0,127.0570668,37.1780648
경기대로,경기도 오산시 내삼미동 483-2,1,3.0,30.0,127.057607,37.17773386
경기대로,경기도 오산시 내삼미동 484-34,1,8.0,25.0,127.0559714,37.17890425
경기대로,경기도 오산시 내삼미동 484-34,1,3.0,9.0,127.0559714,37.17890425
경기대로,경기도 오산시 내삼미동 496-4,1,3.0,6.0,127.0565466,37.178822
경기대로,경기도 오산시 내삼미동 535-9,1,3.0,11.0,127.0556451,37.17971162
경기대로,경기도 오산시 내삼미동 535-9,1,4.0,22.0,127.0556451,37.17971162
경기대로,경기도 오산시 내삼미동 537-8,1,4.0,4.0,127.0551139,37.1792169
경기대로,경기도 오산시 내삼미동 538-10,1,4.0,5.0,127.0549934,37.1799648
경기대로,경기도 오산시 내삼미동 538-14,1,4.0,5.0,127.0547431,37.1801136
경기대로,경기도 오산시 내삼미동 538-14,1,6.0,4.0,127.0547767,37.1800392
경기대로,경기도 오산시 내삼미동 542-14,1,4.0,25.0,127.0543039,37.1802805
경기대로,경기도 오산시 내삼미동 543-1,1,4.0,3.0,127.0528513,37.18056009
경기대로,경기도 오산시 내삼미동 545-5,1,4.0,4.0,127.0543091,37.1793808
수청로,경기도 오산시 금암동 546-1,1,3.0,9.0,127.0453288,37.1768475
수청로,경기도 오산시 금암동 546-1,1,3.0,9.0,127.0453288,37.1768475
수청로,경기도 오산시 금암동 546-2,1,6.0,6.0,127.0436954,37.17772794
수청로,경기도 오산시 금암동 546-2,1,4.0,6.0,127.0436954,37.17772794
수청로,경기도 오산시 금암동 546-2,1,3.0,7.0,127.0436954,37.17772794
수청로,경기도 오산시 금암동 546-2,1,4.0,5.0,127.0436945,37.1777326
수청로,경기도 오산시 금암동 546-3,1,6.0,9.0,127.0459032,37.17658827
여계산로,경기도 오산시 금암동 546-3,1,4.0,5.0,127.0459032,37.17658827
여계산로,경기도 오산시 금암동 546-3,1,4.0,4.0,127.0459032,37.17658827
여계산로,경기도 오산시 금암동 547,1,6.0,12.0,127.0451226,37.17330154
여계산로,경기도 오산시 금암동 547,1,6.0,18.0,127.0451226,37.17330154
여계산로,경기도 오산시 금암동 547,1,2.0,6.0,127.0451226,37.17330154
여계산로,경기도 오산시 금암동 547,1,3.0,9.0,127.0451226,37.17330154
여계산로,경기도 오산시 금암동 547,1,6.0,16.0,127.0451226,37.17330154
여계산로,경기도 오산시 금암동 547,1,8.0,13.0,127.0451226,37.17330154
여계산로,경기도 오산시 금암동 547,1,8.0,17.0,127.0451226,37.17330154
여계산로,경기도 오산시 금암동 547,1,6.0,17.0,127.0451226,37.17330154
여계산로,경기도 오산시 금암동 547,1,2.0,6.0,127.0451226,37.17330154
여계산로,경기도 오산시 금암동 547,1,3.0,10.0,127.0451226,37.17330154
여계산로,경기도 오산시 금암동 547,1,8.0,17.0,127.0451226,37.17330154
여계산로,경기도 오산시 금암동 547,1,6.0,17.0,127.0451226,37.17330154
여계산로,경기도 오산시 금암동 547,1,3.0,11.0,127.0451226,37.17330154
여계산로,경기도 오산시 금암동 547,1,3.0,5.0,127.0451226,37.17330154
여계산로,경기도 오산시 금암동 547-1,1,6.0,5.0,127.0458316,37.17473223
여계산로,경기도 오산시 금암동 547-1,1,8.0,4.0,127.0458316,37.17473223
금암로,경기도 오산시 금암동 548-1,1,4.0,6.0,127.051377,37.17193839
금암로,경기도 오산시 금암동 548-10,1,6.0,9.0,127.0488553,37.17092742
금암로,경기도 오산시 금암동 548-10,1,4.0,6.0,127.0488553,37.17092742
금암로,경기도 오산시 금암동 548-10,1,4.0,6.0,127.0488553,37.17092742
오산대역로,경기도 오산시 금암동 548-17,1,4.0,13.0,127.0499187,37.1699767
금암로,경기도 오산시 금암동 548-2,1,4.0,6.0,127.0487219,37.17172532
수목원로,경기도 오산시 금암동 506-1,1,4.0,6.0,127.0498465,37.17545499
수목원로,경기도 오산시 금암동 506-1,1,4.0,6.0,127.0498465,37.17545499
수목원로,경기도 오산시 금암동 506-1,1,3.0,8.0,127.0498465,37.17545499
수목원로,경기도 오산시 금암동 506-1,1,4.0,8.0,127.0498465,37.17545499
수목원로,경기도 오산시 금암동 506-2,1,4.0,6.0,127.0509515,37.175209
수목원로,경기도 오산시 금암동 506-3,1,4.0,6.0,127.0514908,37.1751367
수목원로,경기도 오산시 금암동 506-3,1,4.0,6.0,127.0514929,37.17514233
문헌공로,경기도 오산시 금암동 507,1,9.0,21.0,127.0536549,37.17586021
문헌공로,경기도 오산시 금암동 507,1,9.0,23.0,127.0536549,37.17586021
문헌공로,경기도 오산시 금암동 507,1,9.0,23.0,127.0536549,37.17586021
문헌공로,경기도 오산시 금암동 507,1,9.0,23.0,127.0536549,37.1758341
문헌공로,경기도 오산시 금암동 507,1,7.0,21.0,127.0536549,37.17586021
수청로,경기도 오산시 금암동 508,1,6.0,4.0,127.0437771,37.17916659
수청로,경기도 오산시 금암동 508,1,4.0,4.0,127.0437679,37.17916659
수청로,경기도 오산시 금암동 512-7,1,2.0,9.0,127.045268,37.1769864
수목원로,경기도 오산시 금암동 545,1,4.0,13.0,127.0498999,37.17490418
수목원로,경기도 오산시 금암동 545,1,8.0,23.0,127.0498999,37.17490418
수목원로,경기도 오산시 금암동 545,1,8.0,21.0,127.0498999,37.17490418
수목원로,경기도 오산시 금암동 545,1,8.0,26.0,127.0498999,37.17490418
수목원로,경기도 오산시 금암동 545,1,8.0,22.0,127.0498999,37.17490418
수목원로,경기도 오산시 금암동 545,1,8.0,22.0,127.0498999,37.17490418
수목원로,경기도 오산시 금암동 545,1,6.0,22.0,127.0498999,37.17490418
수목원로,경기도 오산시 금암동 545,1,6.0,22.0,127.0498999,37.17490418
수청로,경기도 오산시 금암동 545,1,6.0,22.0,127.0498999,37.17490418
수청로,경기도 오산시 금암동 546-1,1,6.0,14.0,127.0453288,37.1768475
수청로,경기도 오산시 금암동 546-1,1,6.0,11.0,127.0453288,37.1768475
수청로,경기도 오산시 금암동 546-1,1,6.0,12.0,127.0453288,37.1768475
수청로,경기도 오산시 금암동 546-1,1,6.0,12.0,127.0453288,37.1768475
수청로,경기도 오산시 금암동 546-1,2,4.0,22.0,127.0453288,37.1768475
수청로,경기도 오산시 금암동 546-1,2,4.0,22.0,127.0453288,37.1768475
수청로,경기도 오산시 금암동 546-1,1,6.0,17.0,127.0453288,37.1768475
수청로,경기도 오산시 금암동 504,1,3.0,17.0,127.0525422,37.17746817
수청로,경기도 오산시 금암동 504,1,6.0,16.0,127.0525422,37.17746817
수청로,경기도 오산시 금암동 504,1,6.0,16.0,127.0525422,37.17746817
수청로,경기도 오산시 금암동 504,1,6.0,9.0,127.0525422,37.17746817
수청로,경기도 오산시 금암동 504,1,3.0,11.0,127.0525422,37.17746817
수청로,경기도 오산시 금암동 504,1,6.0,11.0,127.0525422,37.17746817
수청로,경기도 오산시 금암동 504-1,1,4.0,7.0,127.0512668,37.18009138
수청로,경기도 오산시 금암동 505-1,1,2.0,5.0,127.0548753,37.17705821
수청로,경기도 오산시 금암동 505-1,1,1.0,4.0,127.0548753,37.17705821
수청로,경기도 오산시 금암동 505-1,1,1.0,5.0,127.0548026,37.17705821
수청로,경기도 오산시 금암동 505-2,1,3.0,7.0,127.0536814,37.17733577
수목원로,경기도 오산시 금암동 506-1,1,4.0,7.0,127.0498465,37.17545499
수목원로,경기도 오산시 금암동 506-1,1,4.0,6.0,127.0498465,37.17545499
수목원로,경기도 오산시 금암동 506-1,1,4.0,6.0,127.0498465,37.17545499
대호로,경기도 오산시 궐동 739,1,4.0,8.0,127.053756,37.15806752
대호로,경기도 오산시 궐동 739,1,4.0,5.0,127.0537476,37.158081
대호로,경기도 오산시 궐동 739,1,4.0,7.0,127.0537636,37.15806752
궐동로,경기도 오산시 궐동 740,1,4.0,5.0,127.0546397,37.15732837
궐동로,경기도 오산시 궐동 740,1,4.0,6.0,127.0546397,37.15732837
대호로,경기도 오산시 궐동 742,1,4.0,6.0,127.0569969,37.15700185
대호로,경기도 오산시 궐동 743,1,4.0,7.0,127.053685,37.15552833
법원로,경기도 오산시 궐동 745,1,4.0,11.0,127.0551449,37.15524586
청학로,경기도 오산시 궐동 90-3,1,9.0,11.0,127.064692,37.15701715
청학로,경기도 오산시 궐동 90-3,1,6.0,17.0,127.0646251,37.15701715
청학로,경기도 오산시 궐동 90-3,1,8.0,14.0,127.064692,37.15701715
청학로,경기도 오산시 궐동 90-3,1,8.0,12.0,127.064692,37.15701715
수목원로,경기도 오산시 금암동 212-14,1,8.0,23.0,127.052423,37.16959119
오산대역로,경기도 오산시 금암동 212-5,1,8.0,27.0,127.051959,37.16962084
서부로,경기도 오산시 금암동 298,1,4.0,6.0,127.0410938,37.17087892
서부로,경기도 오산시 금암동 298,1,4.0,4.0,127.0410938,37.17087892
오산대역로,경기도 오산시 금암동 298,1,8.0,17.0,127.0410938,37.17087892
오산대역로,경기도 오산시 금암동 298,1,4.0,3.0,127.0410938,37.17087892
오산대역로,경기도 오산시 금암동 298,1,8.0,25.0,127.0410938,37.17087892
오산대역로,경기도 오산시 금암동 298,1,8.0,29.0,127.0410938,37.17087892
여계산로,경기도 오산시 금암동 298,1,6.0,18.0,127.0410938,37.17087892
오산대역로,경기도 오산시 금암동 298,1,4.0,3.0,127.0410938,37.17087892
수청로,경기도 오산시 금암동 504,1,4.0,12.0,127.0525422,37.17746817
수청로,경기도 오산시 금암동 504,1,6.0,13.0,127.0525422,37.17746817
수청로,경기도 오산시 금암동 504,1,6.0,15.0,127.0525422,37.17746817
수청로,경기도 오산시 금암동 504,1,6.0,14.0,127.0525422,37.17746817
수청로,경기도 오산시 금암동 504,1,3.0,8.0,127.0525422,37.17746817
수청로,경기도 오산시 금암동 504,1,3.0,9.0,127.0525422,37.17746817
수청로,경기도 오산시 금암동 504,1,6.0,15.0,127.0525422,37.17746817
수청로,경기도 오산시 금암동 504,1,6.0,15.0,127.0525422,37.17746817
수청로,경기도 오산시 금암동 504,1,6.0,7.0,127.0525422,37.17746817
법원로,경기도 오산시 궐동 729,1,6.0,16.0,127.0570059,37.15640982
법원로,경기도 오산시 궐동 729,1,6.0,13.0,127.0570059,37.15640982
법원로,경기도 오산시 궐동 729,1,6.0,13.0,127.0570059,37.15640982
궐리사로,경기도 오산시 궐동 729,1,6.0,12.0,127.0570059,37.15640982
궐리사로,경기도 오산시 궐동 730,1,4.0,11.0,127.0564958,37.15956853
궐리사로,경기도 오산시 궐동 730,1,4.0,5.0,127.0564958,37.15956853
궐리사로,경기도 오산시 궐동 730,1,3.0,3.0,127.0564958,37.15956853
궐리사로,경기도 오산시 궐동 732,1,4.0,5.0,127.0570003,37.1587688
궐리사로,경기도 오산시 궐동 732,1,4.0,5.0,127.0570003,37.1587124
오산로,경기도 오산시 궐동 73-2,1,4.0,6.0,127.0675671,37.15655839
궐리사로,경기도 오산시 궐동 733,1,4.0,5.0,127.0560192,37.15927866
궐리사로,경기도 오산시 궐동 733,1,4.0,5.0,127.0560192,37.15927866
궐동로,경기도 오산시 궐동 734,1,4.0,5.0,127.0550875,37.15912245
궐동로,경기도 오산시 궐동 734,1,4.0,6.0,127.0550765,37.15912245
궐동로,경기도 오산시 궐동 736,1,6.0,8.0,127.0571857,37.15792023
궐동로,경기도 오산시 궐동 736,1,6.0,8.0,127.0571857,37.15792023
궐동로,경기도 오산시 궐동 736,1,4.0,8.0,127.0571857,37.15792023
궐동로,경기도 오산시 궐동 736,1,4.0,10.0,127.0571857,37.15792023
대호로,경기도 오산시 궐동 737,1,6.0,14.0,127.0542457,37.15789127
대호로,경기도 오산시 궐동 737,1,4.0,7.0,127.0542457,37.15789127
대호로,경기도 오산시 궐동 737,1,6.0,13.0,127.0542431,37.15789127
대호로,경기도 오산시 궐동 737,1,6.0,13.0,127.054243,37.15789127
대호로,경기도 오산시 궐동 737,1,6.0,15.0,127.0542898,37.15789127
대호로,경기도 오산시 궐동 737,1,6.0,13.0,127.0542457,37.15789127
대호로,경기도 오산시 궐동 737,1,6.0,13.0,127.0542457,37.15789127
대호로,경기도 오산시 궐동 737,1,6.0,15.0,127.0542457,37.15789127
대호로,경기도 오산시 궐동 738,1,4.0,10.0,127.0533298,37.15808234
대호로,경기도 오산시 궐동 738,1,4.0,6.0,127.0533059,37.15808234
대호로,경기도 오산시 궐동 738,1,4.0,6.0,127.0533283,37.1580609
대호로,경기도 오산시 궐동 738,1,4.0,7.0,127.0533298,37.15808234
대호로,경기도 오산시 궐동 739,1,4.0,6.0,127.053756,37.15806752
대호로,경기도 오산시 궐동 739,1,4.0,7.0,127.0537393,37.15806752
매홀로,경기도 오산시 궐동 722,1,4.0,8.0,127.063883,37.15870686
매홀로,경기도 오산시 궐동 722,1,4.0,4.0,127.063883,37.1587501
매홀로,경기도 오산시 궐동 722,1,6.0,4.0,127.063883,37.15870686
궐리사로,경기도 오산시 궐동 724,1,4.0,8.0,127.0624867,37.15777026
궐리사로,경기도 오산시 궐동 725,1,4.0,7.0,127.0606402,37.15820068
궐동로,경기도 오산시 궐동 727,1,4.0,7.0,127.0596156,37.15734285
궐동로,경기도 오산시 궐동 727,1,4.0,7.0,127.0596156,37.15734285
궐동로,경기도 오산시 궐동 727,1,4.0,7.0,127.0596156,37.15734285
궐동로,경기도 오산시 궐동 728,1,4.0,9.0,127.0604479,37.1570217
궐동로,경기도 오산시 궐동 728,1,2.0,8.0,127.0604479,37.1570217
궐동로,경기도 오산시 궐동 728,1,6.0,9.0,127.0604479,37.1570217
궐동로,경기도 오산시 궐동 728,1,4.0,7.0,127.0604479,37.1570217
궐동로,경기도 오산시 궐동 728,1,4.0,7.0,127.0604479,37.1570055
법원로,경기도 오산시 궐동 729,1,6.0,13.0,127.0570059,37.15640982
법원로,경기도 오산시 궐동 729,1,6.0,13.0,127.0570059,37.15640982
법원로,경기도 오산시 궐동 729,1,6.0,16.0,127.0570059,37.15640982
대호로,경기도 오산시 궐동 714,1,6.0,15.0,127.0541176,37.16207958
대호로,경기도 오산시 궐동 714,1,6.0,12.0,127.0541615,37.16207958
대호로,경기도 오산시 궐동 714,1,6.0,13.0,127.0541557,37.16207958
대호로,경기도 오산시 궐동 714,1,6.0,14.0,127.0541968,37.16207958
궐리사로,경기도 오산시 궐동 715,1,6.0,13.0,127.0595632,37.15895665
궐리사로,경기도 오산시 궐동 715,1,6.0,14.0,127.0595632,37.15895665
궐리사로,경기도 오산시 궐동 715,1,6.0,14.0,127.0595632,37.15895665
궐동로,경기도 오산시 궐동 715,1,4.0,6.0,127.0595632,37.15895665
궐리사로,경기도 오산시 궐동 715,1,6.0,13.0,127.0595632,37.15895665
궐리사로,경기도 오산시 궐동 715,1,6.0,13.0,127.0595632,37.15895665
궐리사로,경기도 오산시 궐동 715,1,8.0,13.0,127.0595632,37.15895665
궐리사로,경기도 오산시 궐동 715,1,8.0,13.0,127.0595632,37.15895665
궐리사로,경기도 오산시 궐동 715,2,4.0,21.0,127.0595632,37.15895665
궐리사로,경기도 오산시 궐동 715,2,4.0,21.0,127.0595632,37.15895665
궐리사로,경기도 오산시 궐동 715,1,6.0,13.0,127.0595632,37.15895665
궐리사로,경기도 오산시 궐동 715,1,6.0,13.0,127.0595632,37.15895665
궐리사로,경기도 오산시 궐동 715,1,6.0,13.0,127.0595632,37.15895665
궐리사로,경기도 오산시 궐동 715,1,6.0,13.0,127.0595632,37.15895665
궐리사로,경기도 오산시 궐동 715,1,6.0,13.0,127.0595632,37.15895665
궐리사로,경기도 오산시 궐동 715,1,6.0,13.0,127.0595632,37.15895665
궐리사로,경기도 오산시 궐동 715,1,6.0,12.0,127.0595632,37.15895665
궐리사로,경기도 오산시 궐동 716,1,6.0,12.0,127.0559869,37.16062113
궐리사로,경기도 오산시 궐동 716,1,6.0,13.0,127.0559734,37.16062113
궐리사로,경기도 오산시 궐동 718,1,4.0,11.0,127.0571133,37.16042089
궐리사로,경기도 오산시 궐동 719,1,2.0,11.0,127.059346,37.15960726
궐리사로,경기도 오산시 궐동 720,1,4.0,6.0,127.0602225,37.15910371
대호로,경기도 오산시 궐동 484-9,1,6.0,13.0,127.0528336,37.1639248
대호로,경기도 오산시 궐동 489-8,1,6.0,15.0,127.0540154,37.1639167
청학로,경기도 오산시 궐동 596,1,4.0,6.0,127.0613229,37.16227215
청학로,경기도 오산시 궐동 596,1,4.0,6.0,127.0613229,37.16227215
매홀로,경기도 오산시 궐동 597,1,6.0,7.0,127.0633269,37.16042624
매홀로,경기도 오산시 궐동 597,1,4.0,8.0,127.0633269,37.16042624
청학로,경기도 오산시 궐동 600,1,4.0,6.0,127.0642473,37.16038459
청학로,경기도 오산시 궐동 600,1,6.0,13.0,127.0642694,37.16038459
청학로,경기도 오산시 궐동 600,1,6.0,13.0,127.0642473,37.16038459
청학로,경기도 오산시 궐동 600,1,6.0,14.0,127.0642473,37.16038459
청학로,경기도 오산시 궐동 600,1,4.0,7.0,127.0642473,37.16038459
청학로,경기도 오산시 궐동 604,1,2.0,8.0,127.0647236,37.1598012
궐리사로,경기도 오산시 궐동 616-1,1,3.0,11.0,127.0543108,37.16330743
궐리사로,경기도 오산시 궐동 640-1,1,2.0,6.0,127.0626595,37.15852914
가장로,경기도 오산시 궐동 711,1,6.0,23.0,127.0527509,37.15875692
가장로,경기도 오산시 궐동 711,1,4.0,18.0,127.0527509,37.15875692
수목원로,경기도 오산시 궐동 711,1,4.0,10.0,127.0527509,37.15875692
수목원로,경기도 오산시 궐동 711,1,6.0,13.0,127.0527191,37.15875692
수목원로,경기도 오산시 궐동 711,1,3.0,3.0,127.0527509,37.15875692
대호로,경기도 오산시 궐동 712,1,4.0,8.0,127.0532504,37.16206342
대호로,경기도 오산시 궐동 712,1,4.0,5.0,127.0532138,37.16206342
대호로,경기도 오산시 궐동 712,1,4.0,5.0,127.0532467,37.16206342
대호로,경기도 오산시 궐동 712,1,4.0,5.0,127.0532382,37.16206342
대호로,경기도 오산시 궐동 712,1,4.0,6.0,127.0532683,37.16206342
대호로,경기도 오산시 궐동 712,1,4.0,7.0,127.0532504,37.16206342
대호로,경기도 오산시 궐동 713,1,4.0,7.0,127.0536473,37.16207245
대호로,경기도 오산시 궐동 713,1,4.0,7.0,127.053678,37.1620728
대호로,경기도 오산시 궐동 713,1,4.0,6.0,127.0536634,37.16207245
대호로,경기도 오산시 궐동 713,1,4.0,6.0,127.0536744,37.1620074
대호로,경기도 오산시 궐동 713,1,4.0,6.0,127.0536989,37.16207245
대호로,경기도 오산시 궐동 713,1,4.0,8.0,127.053678,37.1620838
세마역로19번길,경기도 오산시 세교동 631-7,1,6.0,9.0,127.0449915,37.18397648
세마역로19번길,경기도 오산시 세교동 631-7,1,3.0,9.0,127.0449915,37.18397648
세남로14번길,경기도 오산시 세교동 88-1,1,3.0,5.0,127.0380792,37.19092519
내삼미로48번길,경기도 오산시 수청동 10-63,1,2.0,7.0,127.0694526,37.16760151
내삼미로48번길,경기도 오산시 수청동 10-63,1,3.0,7.0,127.069433,37.16767362
경기대로,경기도 오산시 수청동 111-12,1,6.0,24.0,127.0656381,37.16488972
오산로,경기도 오산시 수청동 111-8,1,4.0,12.0,127.0648498,37.16539872
내삼미로,경기도 오산시 수청동 112-4,1,4.0,12.0,127.0655193,37.16563049
내삼미로,경기도 오산시 수청동 17-1,1,6.0,23.0,127.0678264,37.16516898
내삼미로,경기도 오산시 수청동 17-1,1,8.0,16.0,127.0678264,37.16516898
내삼미로,경기도 오산시 수청동 17-1,1,7.0,13.0,127.0678264,37.16516898
내삼미로,경기도 오산시 수청동 17-1,1,7.0,13.0,127.0678264,37.16516898
내삼미로,경기도 오산시 수청동 17-1,1,3.0,9.0,127.0678264,37.16516898
내삼미로,경기도 오산시 수청동 17-1,1,8.0,14.0,127.0678264,37.16516898
내삼미로,경기도 오산시 수청동 17-1,1,8.0,15.0,127.0678264,37.16516898
청학로,경기도 오산시 수청동 302-13,1,8.0,16.0,127.0617885,37.1685088
청학로,경기도 오산시 수청동 302-13,1,8.0,16.0,127.0617885,37.1685088
수청로,경기도 오산시 수청동 302-8,1,8.0,28.0,127.0614151,37.1696472
수청로,경기도 오산시 수청동 314-6,1,4.0,4.0,127.0622234,37.16966366
수청로,경기도 오산시 수청동 315-7,1,4.0,4.0,127.0624435,37.16985258
청학로,경기도 오산시 수청동 337-5,1,4.0,9.0,127.0625444,37.16715223
청학로,경기도 오산시 수청동 437-10,1,4.0,7.0,127.0622747,37.16752491
박동길,경기도 오산시 수청동 46-8,1,6.0,6.0,127.0687255,37.16524697
내삼미로48번길,경기도 오산시 수청동 5-1,1,4.0,14.0,127.0683069,37.16712566
내삼미로48번길,경기도 오산시 수청동 5-1,1,4.0,14.0,127.0683069,37.16712566
내삼미로48번길,경기도 오산시 수청동 5-1,1,3.0,7.0,127.0683069,37.16712021
내삼미로48번길,경기도 오산시 수청동 5-1,1,4.0,14.0,127.0683069,37.16712566
내삼미로48번길,경기도 오산시 수청동 5-1,1,4.0,14.0,127.0683069,37.16712566
내삼미로48번길,경기도 오산시 수청동 5-1,1,3.0,9.0,127.0683069,37.16712566
내삼미로48번길,경기도 오산시 수청동 5-1,1,4.0,14.0,127.0683069,37.16712566
내삼미로48번길,경기도 오산시 수청동 5-1,1,3.0,7.0,127.0683069,37.16712566
수목원로,경기도 오산시 세교동 629,1,8.0,34.0,127.0424757,37.18365762
수목원로,경기도 오산시 세교동 629,1,8.0,33.0,127.0424957,37.18365762
수목원로,경기도 오산시 세교동 629,1,8.0,33.0,127.0424757,37.18365762
수목원로,경기도 오산시 세교동 629,1,8.0,32.0,127.0424757,37.18365762
수목원로,경기도 오산시 세교동 629,1,8.0,34.0,127.0424757,37.18365762
수목원로,경기도 오산시 세교동 629,1,8.0,34.0,127.0424757,37.18365762
수목원로,경기도 오산시 세교동 629-2,1,6.0,10.0,127.0418367,37.18130576
수목원로,경기도 오산시 세교동 629-2,1,3.0,5.0,127.0418367,37.18130576
수목원로,경기도 오산시 세교동 629-2,1,6.0,8.0,127.0418367,37.18130576
세마역로,경기도 오산시 세교동 631-1,1,6.0,14.0,127.0425873,37.18680358
세마역로,경기도 오산시 세교동 631-1,1,6.0,14.0,127.0425873,37.18680358
세마역로,경기도 오산시 세교동 631-1,1,6.0,14.0,127.0425873,37.18680358
세마역로,경기도 오산시 세교동 631-1,1,6.0,14.0,127.0425873,37.18680358
세마역로,경기도 오산시 세교동 631-1,1,6.0,14.0,127.0425873,37.18680358
세마역로,경기도 오산시 세교동 631-1,1,6.0,14.0,127.0425873,37.18680358
세마역로,경기도 오산시 세교동 631-1,1,6.0,14.0,127.0425873,37.18680358
세마역로19번길,경기도 오산시 세교동 631-12,1,3.0,9.0,127.043104,37.18316673
세마역로,경기도 오산시 세교동 631-18,1,3.0,9.0,127.0443059,37.18094776
세마역로,경기도 오산시 세교동 631-18,1,3.0,9.0,127.0443059,37.18094776
세마역로,경기도 오산시 세교동 631-2,1,6.0,14.0,127.0414502,37.18711879
세마역로41번길,경기도 오산시 세교동 631-4,1,6.0,14.0,127.0423395,37.18613995
세마역로41번길,경기도 오산시 세교동 631-4,1,6.0,14.0,127.0423948,37.18613995
세마역로41번길,경기도 오산시 세교동 631-5,1,6.0,12.0,127.0433436,37.18513599
세마역로41번길,경기도 오산시 세교동 631-5,1,6.0,12.0,127.0433436,37.18513599
세마역로,경기도 오산시 세교동 631-6,1,6.0,12.0,127.0441663,37.18514729
세마역로,경기도 오산시 세교동 631-6,1,6.0,12.0,127.0441663,37.18514729
수목원로,경기도 오산시 세교동 631-6,1,6.0,12.0,127.0441663,37.18514729
수목원로,경기도 오산시 세교동 631-6,1,6.0,12.0,127.0441663,37.18514729
수목원로,경기도 오산시 세교동 631-6,1,6.0,12.0,127.0441663,37.18514729
수목원로,경기도 오산시 세교동 631-6,1,6.0,12.0,127.0441663,37.18514729
독산성로,경기도 오산시 세교동 426-1,4,8.0,23.0,127.0382796,37.18632836
독산성로,경기도 오산시 세교동 426-1,4,8.0,23.0,127.0377557,37.1859591
독산성로,경기도 오산시 세교동 499,1,6.0,20.0,127.0341853,37.18387151
독산성로,경기도 오산시 세교동 499,1,4.0,8.0,127.0341853,37.18387151
독산성로,경기도 오산시 세교동 499,1,6.0,20.0,127.0341853,37.18387151
독산성로,경기도 오산시 세교동 509-15,1,4.0,14.0,127.0362307,37.18490088
경기대로761번길,경기도 오산시 세교동 593,1,6.0,15.0,127.0449309,37.1873239
경기대로761번길,경기도 오산시 세교동 593,1,2.0,5.0,127.0449309,37.1873239
경기대로761번길,경기도 오산시 세교동 593,1,6.0,15.0,127.0449309,37.1873239
경기대로761번길,경기도 오산시 세교동 593,1,6.0,15.0,127.0449309,37.1873239
경기대로761번길,경기도 오산시 세교동 593,1,6.0,15.0,127.0449309,37.1873239
경기대로761번길,경기도 오산시 세교동 593,1,6.0,15.0,127.0449309,37.1873239
경기대로761번길,경기도 오산시 세교동 593,1,6.0,15.0,127.0449309,37.1873239
경기대로761번길,경기도 오산시 세교동 593-1,1,3.0,8.0,127.0435071,37.18766387
경기대로761번길,경기도 오산시 세교동 593-1,1,3.0,8.0,127.0435071,37.18766387
경기대로761번길,경기도 오산시 세교동 593-1,1,3.0,8.0,127.0435071,37.18766387
경기대로761번길,경기도 오산시 세교동 593-3,1,6.0,19.0,127.0443941,37.1877859
경기대로761번길,경기도 오산시 세교동 593-3,1,6.0,19.0,127.044311,37.18772065
경기대로761번길,경기도 오산시 세교동 593-4,1,6.0,9.0,127.043861,37.18758259
독산성로,경기도 오산시 세교동 594,4,3.0,6.0,127.0469686,37.18779293
독산성로,경기도 오산시 세교동 594,4,8.0,22.0,127.0469686,37.18779293
독산성로,경기도 오산시 세교동 594,4,3.0,6.0,127.0469686,37.18779293
독산성로,경기도 오산시 세교동 594,1,8.0,23.0,127.0469686,37.18779293
독산성로,경기도 오산시 세교동 594,1,8.0,23.0,127.0469686,37.18779293
독산성로449번길,경기도 오산시 세교동 594-1,1,6.0,16.0,127.043716,37.18969481
독산성로,경기도 오산시 세교동 628,1,8.0,23.0,127.0396542,37.18709699
독산성로,경기도 오산시 세교동 628,1,8.0,23.0,127.0396542,37.18709699
독산성로,경기도 오산시 세교동 628,1,8.0,23.0,127.0396542,37.18709699
독산성로,경기도 오산시 세교동 628,4,3.0,2.0,127.0396542,37.18709699
수목원로,경기도 오산시 세교동 629,1,8.0,36.0,127.0424757,37.18365762
수목원로,경기도 오산시 세교동 629,1,8.0,33.0,127.0424757,37.18365762
부산중앙로,경기도 오산시 부산동 806,1,6.0,15.0,127.0911749,37.15076676
부산중앙로 42,경기도 오산시 부산동 813,1,6.0,6.0,127.0921587,37.15284699
가장로,경기도 오산시 서동 1-10,4,3.0,5.0,127.0474007,37.15641179
가장로,경기도 오산시 서동 1-10,4,3.0,5.0,127.0474007,37.15641179
가장로,경기도 오산시 서동 1-10,4,4.0,12.0,127.0474007,37.1564709
초평로,경기도 오산시 서동 125-10,1,4.0,7.0,127.0449041,37.14414263
초평로,경기도 오산시 서동 125-19,1,6.0,18.0,127.0446102,37.142938
초평로,경기도 오산시 서동 125-8,1,3.0,10.0,127.0440706,37.14311111
초평로,경기도 오산시 서동 125-8,1,4.0,3.0,127.0440706,37.14311111
가장로,경기도 오산시 서동 2-21,4,6.0,36.0,127.0469902,37.1562929
서동로,경기도 오산시 서동 244-4,1,4.0,9.0,127.0391864,37.15083235
가장로,경기도 오산시 서동 339-3,1,4.0,10.0,127.041249,37.15517033
가장로,경기도 오산시 서동 339-3,4,4.0,10.0,127.0412471,37.1551778
서동로,경기도 오산시 서동 554-5,1,3.0,7.0,127.039103,37.15086794
가장로,경기도 오산시 서동 5-6,4,4.0,6.0,127.0442591,37.1562985
경기대로,경기도 오산시 세교동 143-7,1,8.0,25.0,127.0428356,37.19442551
독산성로440번길,경기도 오산시 세교동 143-7,1,4.0,20.0,127.042879,37.19442551
경기대로,경기도 오산시 세교동 173-25,1,4.0,20.0,127.0430366,37.19420117
경기대로,경기도 오산시 세교동 173-33,1,3.0,18.0,127.0442635,37.19281612
경기대로,경기도 오산시 세교동 173-44,1,3.0,8.0,127.0453189,37.19229665
경기대로,경기도 오산시 세교동 173-45,1,6.0,12.0,127.0432818,37.1945465
경기대로,경기도 오산시 세교동 184-7,1,3.0,8.0,127.0454289,37.19228405
세마역로,경기도 오산시 세교동 224,1,6.0,14.0,127.0425752,37.18743658
세마역로,경기도 오산시 세교동 224,1,6.0,14.0,127.0425752,37.18743658
세마역로,경기도 오산시 세교동 224,1,6.0,14.0,127.0425371,37.18743658
세마역로,경기도 오산시 세교동 224,1,6.0,14.0,127.0425752,37.18743658
독산성로,경기도 오산시 세교동 331-3,1,3.0,7.0,127.0406008,37.18885639
독산성로,경기도 오산시 세교동 425-5,4,8.0,52.0,127.0379643,37.18633748
독산성로,경기도 오산시 세교동 425-5,4,4.0,4.0,127.0375813,37.18613937
독산성로,경기도 오산시 세교동 426,4,8.0,52.0,127.0382005,37.1858238
독산성로,경기도 오산시 세교동 426,4,4.0,4.0,127.037795,37.18566624
운천로,경기도 오산시 부산동 783,1,2.0,4.0,127.0798565,37.15538536
운천로,경기도 오산시 부산동 783,1,3.0,12.0,127.0798565,37.155304
운천로,경기도 오산시 부산동 783,1,3.0,12.0,127.0798565,37.15538536
운천로,경기도 오산시 부산동 783,1,3.0,12.0,127.0798565,37.15538536
운암로,경기도 오산시 부산동 785,1,4.0,5.0,127.0783897,37.15608682
운암로,경기도 오산시 부산동 785,1,3.0,8.0,127.0783897,37.15608682
운암로,경기도 오산시 부산동 785,1,7.0,26.0,127.078326,37.15608682
운암로,경기도 오산시 부산동 785,1,3.0,9.0,127.0783897,37.15608682
경기동로186번길,경기도 오산시 부산동 789-1,1,6.0,20.0,127.092246,37.155919
경기동로186번길,경기도 오산시 부산동 790,1,7.0,20.0,127.0922495,37.15696702
경기동로,경기도 오산시 부산동 790-2,1,5.0,14.0,127.093253,37.155531
경기동로,경기도 오산시 부산동 790-2,1,5.0,14.0,127.095569,37.157502
부산중앙로,경기도 오산시 부산동 795,1,3.0,6.0,127.0905505,37.15114001
부산중앙로,경기도 오산시 부산동 795,1,3.0,6.0,127.0905505,37.15114001
부산중앙로,경기도 오산시 부산동 798,1,6.0,11.0,127.0897737,37.150867
부산중앙로,경기도 오산시 부산동 798,1,4.0,9.0,127.0897737,37.150867
부산중앙로,경기도 오산시 부산동 798,2,6.0,12.0,127.0897737,37.15087773
성호대로,경기도 오산시 부산동 799,1,6.0,6.0,127.0880628,37.14979706
성호대로,경기도 오산시 부산동 799,1,2.0,7.0,127.0880628,37.14979706
성호대로,경기도 오산시 부산동 799,1,6.0,6.0,127.0880628,37.14979706
성호대로,경기도 오산시 부산동 799,1,6.0,9.0,127.0880628,37.14979706
부산중앙로,경기도 오산시 부산동 801,1,3.0,8.0,127.0915688,37.15016175
부산중앙로,경기도 오산시 부산동 801,1,3.0,8.0,127.0915688,37.15016175
부산중앙로,경기도 오산시 부산동 805,4,6.0,14.0,127.0903711,37.14857485
부산중앙로,경기도 오산시 부산동 805,4,4.0,4.0,127.0903711,37.14857485
부산중앙로,경기도 오산시 부산동 806,2,6.0,12.0,127.0911118,37.15076676
부산중앙로,경기도 오산시 부산동 806,1,3.0,6.0,127.091126,37.15076676
부산중앙로,경기도 오산시 부산동 806,1,3.0,7.0,127.0911749,37.15076676
부산중앙로,경기도 오산시 부산동 806,1,6.0,15.0,127.0911749,37.15076676
부산중앙로,경기도 오산시 부산동 806,1,6.0,15.0,127.0911749,37.15076676
부산중앙로,경기도 오산시 부산동 806,1,6.0,15.0,127.0911749,37.15076676
경기동로,경기도 오산시 부산동 1-2,1,9.0,27.0,127.0941807,37.158801
경기동로,경기도 오산시 부산동 161-8,1,8.0,21.0,127.0908224,37.15868268
경기동로,경기도 오산시 부산동 182-2,1,8.0,20.0,127.087378,37.15884497
경기동로,경기도 오산시 부산동 204-7,1,8.0,20.0,127.086117,37.158796
경기동로,경기도 오산시 부산동 222-2,1,8.0,25.0,127.086382,37.15935452
동부대로,경기도 오산시 부산동 304-4,1,3.0,13.0,127.0817696,37.15476809
동부대로,경기도 오산시 부산동 304-6,1,7.0,13.0,127.081418,37.15500018
부산중앙로,경기도 오산시 부산동 55-2,1,6.0,9.0,127.0920072,37.15376088
부산중앙로,경기도 오산시 부산동 55-2,1,6.0,10.0,127.0920072,37.15376088
부산중앙로,경기도 오산시 부산동 55-2,1,3.0,9.0,127.0920072,37.153736
부산중앙로,경기도 오산시 부산동 55-2,1,3.0,9.0,127.092086,37.153788
부산중앙로,경기도 오산시 부산동 55-2,1,3.0,17.0,127.092031,37.15376088
부산중앙로 42,경기도 오산시 부산동 55-4,1,6.0,20.0,127.092172,37.15385521
성호대로,경기도 오산시 부산동 608-5,1,7.0,25.0,127.0869985,37.148385
성호대로,경기도 오산시 부산동 608-5,1,4.0,16.0,127.0869985,37.14834338
성호대로,경기도 오산시 부산동 608-5,1,4.0,17.0,127.0869985,37.148302
부산중앙로,경기도 오산시 부산동 613-42,4,8.0,15.0,127.090157,37.148257
부원로,경기도 오산시 부산동 622,1,4.0,13.0,127.0841542,37.14756494
성호대로,경기도 오산시 부산동 622,1,6.0,19.0,127.084131,37.14756494
경기동로,경기도 오산시 부산동 76-21,1,8.0,26.0,127.0926515,37.158728
경기동로,경기도 오산시 부산동 780,1,5.0,23.0,127.0798367,37.15889395
경기동로,경기도 오산시 부산동 781,4,6.0,6.0,127.0831939,37.15922155
경기동로,경기도 오산시 부산동 781,4,8.0,42.0,127.083171,37.15922155
경기동로,경기도 오산시 부산동 781,4,3.0,5.0,127.0831939,37.15922155
경기동로,경기도 오산시 부산동 781,4,8.0,22.0,127.0831939,37.15922155
경기동로,경기도 오산시 부산동 781-1,4,3.0,6.0,127.0828328,37.15840858
경기동로,경기도 오산시 부산동 781-1,4,8.0,22.0,127.082802,37.15840858
경기동로,경기도 오산시 부산동 781-1,4,8.0,42.0,127.0828328,37.15840858
경기동로,경기도 오산시 부산동 781-1,4,3.0,6.0,127.0828328,37.15840858
동부대로,경기도 오산시 부산동 782,1,3.0,34.0,127.0809416,37.15439704
동부대로,경기도 오산시 부산동 782,1,7.0,34.0,127.0809416,37.15439704
눕새로,경기도 오산시 누읍동 636,1,3.0,5.0,127.0535955,37.140316
눕새로,경기도 오산시 누읍동 637,1,3.0,5.0,127.0530364,37.1395573
눕새로,경기도 오산시 누읍동 637,1,3.0,5.0,127.0530364,37.1395573
눕새로,경기도 오산시 누읍동 637,1,3.0,5.0,127.053028,37.139526
눕새로,경기도 오산시 누읍동 637,1,3.0,5.0,127.0530364,37.1395573
눕새로,경기도 오산시 누읍동 637,1,3.0,5.0,127.0530364,37.1395573
눕새로,경기도 오산시 누읍동 637,1,3.0,5.0,127.0530364,37.1395573
눕새로,경기도 오산시 누읍동 637,1,3.0,5.0,127.0530364,37.1395573
눕새로,경기도 오산시 누읍동 638,1,3.0,5.0,127.0533285,37.1395802
눕새로,경기도 오산시 누읍동 638,1,3.0,5.0,127.0533285,37.139575
눕새로,경기도 오산시 누읍동 639,1,3.0,5.0,127.053607,37.13957506
눕새로,경기도 오산시 누읍동 639,1,3.0,5.0,127.053607,37.139507
눕새로,경기도 오산시 누읍동 639,1,3.0,5.0,127.053616,37.13957506
눕새로,경기도 오산시 누읍동 639,1,3.0,5.0,127.053673,37.13957506
눕새로,경기도 오산시 누읍동 640,1,3.0,5.0,127.053878,37.139575
눕새로,경기도 오산시 누읍동 640,1,3.0,5.0,127.053878,37.139579
눕새로,경기도 오산시 누읍동 641,1,3.0,7.0,127.0533899,37.13889247
수목원로,경기도 오산시 누읍동 649,1,3.0,9.0,127.0565247,37.13882944
수목원로,경기도 오산시 누읍동 649,1,3.0,10.0,127.0565755,37.13882944
수목원로,경기도 오산시 누읍동 649,1,3.0,20.0,127.0565755,37.13882944
서부로,경기도 오산시 두곡동 2-13,4,2.0,5.0,127.042578,37.13436298
서부로,경기도 오산시 두곡동 산 6-1,4,4.0,26.0,127.0417751,37.1337489
서부로,경기도 오산시 두곡동 산 8-4,4,2.0,5.0,127.0416198,37.13419656
발안로,경기도 오산시 벌음동 139-5,4,4.0,4.0,127.0370895,37.13657698
발안로,경기도 오산시 벌음동 185-3,1,6.0,8.0,127.0397274,37.14031111
서동로,경기도 오산시 벌음동 189-18,1,4.0,5.0,127.0397785,37.14067948
초평로,경기도 오산시 벌음동 231-2,1,3.0,7.0,127.0434368,37.14118872
남부대로,경기도 오산시 벌음동 산25-5,4,5.0,12.0,127.0365421,37.13751971
발안로,경기도 오산시 벌음동 294-21,1,6.0,11.0,127.0442378,37.13904256
서동로,경기도 오산시 벌음동 371-1,1,4.0,7.0,127.0390905,37.14182643
발안로,경기도 오산시 벌음동 산 25-10,4,6.0,5.0,127.0364203,37.13716724
누읍로 20,경기도 오산시 누읍동 621,1,3.0,5.0,127.0517536,37.1400115
누읍로 20,경기도 오산시 누읍동 621,1,3.0,5.0,127.0517536,37.1400115
누읍로 20,경기도 오산시 누읍동 621,1,3.0,5.0,127.0517536,37.1400115
누읍로 20,경기도 오산시 누읍동 621,1,3.0,5.0,127.0517536,37.1400115
누읍로 20,경기도 오산시 누읍동 621,1,3.0,5.0,127.0517536,37.1400115
누읍로 20,경기도 오산시 누읍동 621,1,3.0,5.0,127.0517536,37.1400115
누읍로 20,경기도 오산시 누읍동 621,1,3.0,5.0,127.0517536,37.1400115
누읍로 20,경기도 오산시 누읍동 621,1,3.0,5.0,127.0517536,37.1400115
누읍로 20,경기도 오산시 누읍동 621,1,3.0,5.0,127.0517536,37.1400115
누읍로 20,경기도 오산시 누읍동 621,1,3.0,5.0,127.0517536,37.1400115
누읍로 20,경기도 오산시 누읍동 621,1,3.0,5.0,127.0517536,37.1400115
누읍로 20,경기도 오산시 누읍동 621,1,3.0,5.0,127.0517536,37.1400115
누읍로,경기도 오산시 누읍동 633,1,3.0,18.0,127.0545341,37.14132288
누읍로,경기도 오산시 누읍동 633,4,5.0,5.0,127.054521,37.14132288
누읍로,경기도 오산시 누읍동 633,4,7.0,29.0,127.0545103,37.14132288
누읍로,경기도 오산시 누읍동 633,1,8.0,28.0,127.0545341,37.14132288
누읍로,경기도 오산시 누읍동 633,1,8.0,28.0,127.0545341,37.14132288
누읍로,경기도 오산시 누읍동 633,1,8.0,28.0,127.0545341,37.14132288
수목원로49번길,경기도 오산시 누읍동 634,1,4.0,10.0,127.0523662,37.1393876
수목원로49번길,경기도 오산시 누읍동 634,1,6.0,10.0,127.0523662,37.1393876
수목원로49번길,경기도 오산시 누읍동 634,1,4.0,15.0,127.0523662,37.1393876
수목원로49번길,경기도 오산시 누읍동 634,1,4.0,10.0,127.0523662,37.1393876
수목원로49번길,경기도 오산시 누읍동 634,1,7.0,11.0,127.0523662,37.1393876
누읍로46번길,경기도 오산시 누읍동 635,1,3.0,15.0,127.0528326,37.14045184
누읍로46번길,경기도 오산시 누읍동 635,1,3.0,8.0,127.0528208,37.14045184
누읍로46번길,경기도 오산시 누읍동 635,1,3.0,8.0,127.052826,37.14045184
누읍로46번길,경기도 오산시 누읍동 635,1,3.0,5.0,127.0528326,37.14045184
누읍로46번길,경기도 오산시 누읍동 635,1,7.0,15.0,127.052804,37.14045184
눕새로,경기도 오산시 누읍동 636,1,3.0,5.0,127.0535955,37.140314
눕새로,경기도 오산시 누읍동 636,1,3.0,5.0,127.0535955,37.140316
눕새로,경기도 오산시 누읍동 636,1,3.0,5.0,127.053577,37.140314
경기대로,경기도 오산시 내삼미동 산 64-5,1,6.0,4.0,127.0539085,37.1803596
경기대로,경기도 오산시 내삼미동 산 65-3,1,3.0,17.0,127.0525092,37.18103331
경기대로,경기도 오산시 내삼미동 산 66-8,1,3.0,14.0,127.0516324,37.1815196
수목원로,경기도 오산시 누읍동 251-3,1,3.0,13.0,127.0544972,37.13800168
수목원로,경기도 오산시 누읍동 326-5,1,7.0,29.0,127.054507,37.13899235
수목원로88번길,경기도 오산시 누읍동 363-3,1,7.0,6.0,127.0550856,37.1420806
수목원로,경기도 오산시 누읍동 365-2,4,7.0,29.0,127.054808,37.14172668
초평중앙로,경기도 오산시 누읍동 403-1,1,3.0,10.0,127.0537199,37.144141
초평중앙로,경기도 오산시 누읍동 403-1,1,3.0,12.0,127.0537199,37.14415098
가수로,경기도 오산시 누읍동 426-6,1,4.0,15.0,127.048601,37.14321138
발안로,경기도 오산시 누읍동 428-4,1,3.0,10.0,127.0489554,37.14319276
발안로,경기도 오산시 누읍동 429-7,1,3.0,12.0,127.048708,37.143076
누읍로,경기도 오산시 누읍동 438-2,4,8.0,10.0,127.0488833,37.141607
누읍로,경기도 오산시 누읍동 438-2,1,3.0,10.0,127.0488833,37.1416941
발안로,경기도 오산시 누읍동 442-2,1,4.0,15.0,127.0475522,37.141409
발안로,경기도 오산시 누읍동 559-7,1,3.0,20.0,127.047084,37.14161432
발안로,경기도 오산시 누읍동 589,1,4.0,10.0,127.048227,37.14106581
가수로,경기도 오산시 누읍동 589-31,1,2.0,6.0,127.049153,37.14390886
발안로,경기도 오산시 누읍동 589-35,1,6.0,8.0,127.0463405,37.14121056
발안로,경기도 오산시 누읍동 589-8,4,6.0,15.0,127.0479386,37.14207752
누읍로,경기도 오산시 누읍동 589-8,4,6.0,5.0,127.047967,37.14207752
초평로,경기도 오산시 누읍동 592-4,1,4.0,11.0,127.0455883,37.141119
누읍로 20,경기도 오산시 누읍동 621,1,3.0,5.0,127.0517536,37.1400115
누읍로 20,경기도 오산시 누읍동 621,1,3.0,5.0,127.0517536,37.1400115
누읍로 20,경기도 오산시 누읍동 621,1,3.0,5.0,127.0517536,37.1400115
누읍로 20,경기도 오산시 누읍동 621,1,3.0,5.0,127.0517536,37.1400115
누읍로 20,경기도 오산시 누읍동 621,1,3.0,5.0,127.0517536,37.1400115
누읍로 20,경기도 오산시 누읍동 621,1,3.0,5.0,127.0517536,37.1400115
누읍로 20,경기도 오산시 누읍동 621,1,3.0,5.0,127.0517536,37.1400115
누읍로 20,경기도 오산시 누읍동 621,1,3.0,5.0,127.0517536,37.1400115
누읍로 20,경기도 오산시 누읍동 621,1,3.0,5.0,127.0517536,37.1400115
삼미로,경기도 오산시 내삼미동 902,1,7.0,14.0,127.069189,37.17443828
삼미로,경기도 오산시 내삼미동 902,1,3.0,6.0,127.0691369,37.17443828
삼미로,경기도 오산시 내삼미동 902,1,8.0,16.0,127.0691369,37.17443828
삼미로,경기도 오산시 내삼미동 902,1,8.0,16.0,127.0691369,37.17443828
삼미로,경기도 오산시 내삼미동 902,1,4.0,10.0,127.0691369,37.17443828
삼미로,경기도 오산시 내삼미동 902,1,8.0,15.0,127.0691369,37.17443828
삼미로,경기도 오산시 내삼미동 902,1,8.0,15.0,127.0691369,37.17443828
내삼미로,경기도 오산시 내삼미동 902,1,3.0,9.0,127.0691369,37.17443828
삼미로,경기도 오산시 내삼미동 902,1,8.0,16.0,127.0691369,37.17443828
삼미로,경기도 오산시 내삼미동 902,1,4.0,10.0,127.0691369,37.17443828
삼미로,경기도 오산시 내삼미동 902,1,8.0,15.0,127.0691369,37.17443828
삼미로,경기도 오산시 내삼미동 902-1,1,8.0,15.0,127.0613606,37.1755985
삼미로,경기도 오산시 내삼미동 902-1,1,8.0,14.0,127.0613606,37.1755985
북삼미로,경기도 오산시 내삼미동 902-2,1,8.0,17.0,127.0622932,37.1762691
내삼미로,경기도 오산시 내삼미동 903,1,8.0,20.0,127.0656284,37.17348184
내삼미로,경기도 오산시 내삼미동 903,1,6.0,17.0,127.0656707,37.17348184
내삼미로,경기도 오산시 내삼미동 903,1,8.0,19.0,127.0656531,37.17348184
내삼미로,경기도 오산시 내삼미동 903,1,4.0,10.0,127.0656284,37.17348184
내삼미로,경기도 오산시 내삼미동 903,1,2.0,14.0,127.0656284,37.17348184
내삼미로,경기도 오산시 내삼미동 903,1,6.0,9.0,127.0656284,37.17348184
내삼미로,경기도 오산시 내삼미동 903,1,6.0,13.0,127.0656181,37.17348184
내삼미로,경기도 오산시 내삼미동 903,1,3.0,10.0,127.0656367,37.17348184
내삼미로,경기도 오산시 내삼미동 903,1,3.0,9.0,127.0656284,37.17348184
오산대역로,경기도 오산시 내삼미동 903-1,1,8.0,29.0,127.065524,37.17127405
오산대역로,경기도 오산시 내삼미동 903-1,1,8.0,31.0,127.065524,37.1712213
오산대역로,경기도 오산시 내삼미동 903-1,1,8.0,22.0,127.065524,37.1712842
오산대역로,경기도 오산시 내삼미동 903-1,1,6.0,25.0,127.065524,37.17127405
오산대역로,경기도 오산시 내삼미동 903-1,1,2.0,7.0,127.065524,37.17127405
오산대역로,경기도 오산시 내삼미동 903-1,1,8.0,21.0,127.065524,37.17127405
북삼미로,경기도 오산시 내삼미동 905,1,4.0,6.0,127.0650023,37.18261107
경기대로,경기도 오산시 내삼미동 산 64-5,1,4.0,6.0,127.0539085,37.18034421
밀머리로1번길,경기도 오산시 원동 300-41,1,4.0,11.0,127.0735134,37.14178251
부원로,경기도 오산시 원동 30-14,1,6.0,16.0,127.0863273,37.14245369
부원로,경기도 오산시 원동 30-14,1,2.0,24.0,127.0863763,37.14245369
부원로,경기도 오산시 원동 30-14,1,6.0,9.0,127.0863763,37.14245369
부원로,경기도 오산시 원동 30-23,1,2.0,4.0,127.0901106,37.14140029
부원로,경기도 오산시 원동 30-47,1,2.0,4.0,127.090047,37.14146825
부원로,경기도 오산시 원동 30-50,1,2.0,4.0,127.0897813,37.14146675
부원로,경기도 오산시 원동 30-50,1,2.0,4.0,127.0897813,37.14146675
오산로160번길,경기도 오산시 원동 333-19,4,3.0,4.0,127.073283,37.1404289
오산로160번길,경기도 오산시 원동 333-19,4,3.0,4.0,127.0732609,37.1404289
경기대로,경기도 오산시 원동 360-2,1,6.0,20.0,127.0734874,37.14014573
경기대로,경기도 오산시 원동 360-2,4,6.0,20.0,127.073486,37.14014573
부원로,경기도 오산시 원동 37,1,4.0,14.0,127.0853777,37.1439387
경기대로,경기도 오산시 원동 386-3,1,3.0,12.0,127.0733943,37.13798132
경기대로,경기도 오산시 원동 386-3,1,3.0,5.0,127.0733943,37.13798132
경기대로,경기도 오산시 원동 391-2,1,6.0,20.0,127.073469,37.138612
경기대로,경기도 오산시 원동 419-4,1,6.0,20.0,127.073251,37.13708472
남부대로,경기도 오산시 원동 438-1,4,6.0,20.0,127.068953,37.135832
남부대로,경기도 오산시 원동 438-1,4,6.0,20.0,127.068936,37.135832
오산로,경기도 오산시 원동 458-2,1,6.0,15.0,127.068999,37.13446294
경기대로,경기도 오산시 원동 472-6,1,6.0,18.0,127.0725298,37.13331383
경기대로,경기도 오산시 원동 497-2,1,4.0,10.0,127.0728765,37.134911
경기대로,경기도 오산시 원동 505-1,4,5.0,22.0,127.072994,37.13564246
경기대로,경기도 오산시 원동 505-1,4,5.0,22.0,127.072968,37.13564246
남부대로,경기도 오산시 원동 505-1,4,5.0,26.0,127.0729006,37.13564246
경기대로,경기도 오산시 원동 505-1,4,3.0,4.0,127.0729006,37.13564246
경기대로,경기도 오산시 원동 513-10,4,3.0,4.0,127.073174,37.135719
남부대로,경기도 오산시 원동 519-7,1,6.0,20.0,127.075543,37.135851
동부대로,경기도 오산시 원동 541-50,4,6.0,5.0,127.0780093,37.136023
동부대로,경기도 오산시 원동 541-51,4,6.0,5.0,127.078458,37.136029
동부대로,경기도 오산시 원동 541-53,4,6.0,5.0,127.078441,37.1355827
북삼미로,경기도 오산시 외삼미동 72-2,1,8.0,15.0,127.0601911,37.19436707
북삼미로,경기도 오산시 외삼미동 72-2,1,8.0,15.0,127.0601911,37.19436707
외삼미로,경기도 오산시 외삼미동 72-2,1,4.0,6.0,127.0601911,37.19436707
북삼미로,경기도 오산시 외삼미동 72-2,1,4.0,6.0,127.0601911,37.19436707
북삼미로,경기도 오산시 외삼미동 72-2,1,8.0,20.0,127.0601911,37.19436707
북삼미로,경기도 오산시 외삼미동 8-5,4,8.0,16.0,127.0633343,37.18859384
북삼미로,경기도 오산시 외삼미동 8-5,4,4.0,3.0,127.0633343,37.18859384
문시로,경기도 오산시 외삼미동 8-5,4,8.0,16.0,127.0633343,37.18859384
문시로,경기도 오산시 외삼미동 8-5,4,4.0,3.0,127.0633343,37.18859384
북삼미로,경기도 오산시 외삼미동 8-5,4,8.0,16.0,127.0633343,37.18859384
북삼미로,경기도 오산시 외삼미동 8-5,4,4.0,3.0,127.0633343,37.18859384
문시로,경기도 오산시 외삼미동 8-5,4,8.0,16.0,127.0633343,37.18859384
북삼미로,경기도 오산시 외삼미동 8-5,4,4.0,3.0,127.0633343,37.18859384
문시로,경기도 오산시 외삼미동 8-5,1,4.0,6.0,127.0633343,37.18859384
문시로,경기도 오산시 외삼미동 8-5,1,4.0,6.0,127.0633343,37.18859384
문시로,경기도 오산시 외삼미동 8-8,1,8.0,15.0,127.0664319,37.19019777
외삼미로,경기도 오산시 외삼미동 산 12-6,1,4.0,6.0,127.0603961,37.19390205
문시로,경기도 오산시 외삼미동 산 40-2,1,4.0,10.0,127.0603628,37.1893432
문시로,경기도 오산시 외삼미동 산 40-2,1,4.0,6.0,127.0603628,37.1893432
문시로,경기도 오산시 외삼미동 산 40-2,1,4.0,6.0,127.0603628,37.1893432
문시로,경기도 오산시 외삼미동 산 42-1,1,4.0,15.0,127.0586872,37.18932588
경기대로,경기도 오산시 외삼미동 산 52-8,1,9.0,24.0,127.0485805,37.18409234
문시로,경기도 오산시 외삼미동 산 58-5,1,3.0,24.0,127.0504297,37.18969665
원동로,경기도 오산시 원동 119-135,4,6.0,30.0,127.0779623,37.14299917
밀머리로1번길,경기도 오산시 원동 119-180,1,3.0,10.0,127.0784856,37.14183967
밀머리로1번길,경기도 오산시 원동 119-180,4,6.0,5.0,127.0784856,37.14183967
원동로,경기도 오산시 원동 119-180,2,6.0,30.0,127.0784856,37.14183967
경부고속도로,경기도 오산시 원동 119-180,4,6.0,5.0,127.0784907,37.14183967
밀머리로1번길,경기도 오산시 원동 119-88,1,3.0,10.0,127.0779076,37.141834
운천로,경기도 오산시 원동 278-9,1,2.0,12.0,127.0741379,37.145078
운천로,경기도 오산시 원동 282-10,1,2.0,8.0,127.0741252,37.143984
문시로,경기도 오산시 외삼미동 411,4,4.0,4.0,127.0531056,37.18951531
문시로,경기도 오산시 외삼미동 411,1,4.0,21.0,127.0531055,37.18951531
문시로,경기도 오산시 외삼미동 413-4,4,10.0,20.0,127.0529109,37.18977953
문시로,경기도 오산시 외삼미동 413-4,4,4.0,7.0,127.0529109,37.1897331
문시로,경기도 오산시 외삼미동 413-4,4,4.0,4.0,127.0529109,37.1897581
문시로,경기도 오산시 외삼미동 418-1,1,4.0,4.0,127.0511018,37.18960416
문시로,경기도 오산시 외삼미동 575-4,1,8.0,15.0,127.0496283,37.1897278
문시로,경기도 오산시 외삼미동 576-2,1,3.0,15.0,127.0497324,37.1896294
외삼미로,경기도 오산시 외삼미동 586-11,4,6.0,7.0,127.0468513,37.18994455
경기대로,경기도 오산시 외삼미동 600-6,1,4.0,17.0,127.0486938,37.1842234
경기대로,경기도 오산시 외삼미동 615-37,4,8.0,37.0,127.0466773,37.19039198
외삼미로,경기도 오산시 외삼미동 615-43,1,2.0,6.0,127.0563366,37.1913921
문시로,경기도 오산시 외삼미동 638,4,9.0,20.0,127.0472392,37.18760906
문시로,경기도 오산시 외삼미동 638,4,4.0,4.0,127.0472392,37.18760906
경기대로,경기도 오산시 외삼미동 638,4,8.0,37.0,127.0472392,37.18760906
유엔평화로,경기도 오산시 외삼미동 639-1,1,4.0,8.0,127.0483116,37.18766964
유엔평화로,경기도 오산시 외삼미동 639-17,1,6.0,6.0,127.0489153,37.18556418
북삼미로,경기도 오산시 외삼미동 641,1,3.0,3.0,127.0614552,37.19093623
북삼미로,경기도 오산시 외삼미동 644,1,4.0,9.0,127.062081,37.19095232
북삼미로,경기도 오산시 외삼미동 646,1,4.0,5.0,127.0627498,37.1939881
북삼미로,경기도 오산시 외삼미동 647,1,6.0,9.0,127.0624482,37.1934386
북삼미로,경기도 오산시 외삼미동 647,1,6.0,9.0,127.0623721,37.1933508
북삼미로,경기도 오산시 외삼미동 647,1,4.0,12.0,127.0624508,37.1933643
북삼미로,경기도 오산시 외삼미동 648,1,4.0,9.0,127.061341,37.1928558
문시로,경기도 오산시 외삼미동 657,1,6.0,9.0,127.0658228,37.1917969
문시로,경기도 오산시 외삼미동 657,1,8.0,9.0,127.0659269,37.1916909
문시로,경기도 오산시 외삼미동 657,1,3.0,11.0,127.0658227,37.1917023
문시로,경기도 오산시 외삼미동 657,1,4.0,9.0,127.0667569,37.1910011
문시로,경기도 오산시 외삼미동 657,1,6.0,11.0,127.0669564,37.1905708
북삼미로,경기도 오산시 외삼미동 72-2,1,6.0,17.0,127.0601911,37.19436707
북삼미로,경기도 오산시 외삼미동 72-2,1,4.0,6.0,127.0601911,37.19436707
운천로,경기도 오산시 오산동 937,1,4.0,8.0,127.0745102,37.15127166
운암로,경기도 오산시 오산동 938,1,6.0,20.0,127.076336,37.15100607
운암로,경기도 오산시 오산동 938,1,6.0,20.0,127.076336,37.15100607
운암로,경기도 오산시 오산동 938,1,3.0,10.0,127.076336,37.15100607
운암로,경기도 오산시 오산동 938,1,6.0,20.0,127.076372,37.15100607
운암로,경기도 오산시 오산동 938,1,4.0,16.0,127.076336,37.15100607
운암로,경기도 오산시 오산동 938,1,6.0,20.0,127.076319,37.15100607
운암로,경기도 오산시 오산동 938,1,6.0,20.0,127.076336,37.15100607
동부대로,경기도 오산시 오산동 939,1,7.0,35.0,127.0791154,37.15062019
동부대로,경기도 오산시 오산동 939,1,4.0,35.0,127.0791154,37.15062019
성호대로,경기도 오산시 오산동 940,1,6.0,25.0,127.0753504,37.148816
성호대로,경기도 오산시 오산동 940,1,6.0,25.0,127.0753504,37.14885003
성호대로,경기도 오산시 오산동 940,1,6.0,25.0,127.0753504,37.14885003
성호대로,경기도 오산시 오산동 940,1,6.0,25.0,127.0753504,37.14885003
성호대로,경기도 오산시 오산동 940,1,6.0,13.0,127.0753504,37.148832
성호대로,경기도 오산시 오산동 940,1,6.0,25.0,127.0753504,37.14885003
운천로,경기도 오산시 오산동 941,1,4.0,8.0,127.074988,37.1495482
운천로,경기도 오산시 오산동 941,1,4.0,8.0,127.0749928,37.1495482
운천로,경기도 오산시 오산동 941,1,4.0,7.0,127.0749928,37.1495482
남부대로,경기도 오산시 오산동 954,4,5.0,18.0,127.0687192,37.135844
남부대로,경기도 오산시 오산동 954,4,5.0,5.0,127.068782,37.13589252
외삼미로,경기도 오산시 외삼미동 252-1,1,4.0,4.0,127.0517723,37.1968677
외삼미로,경기도 오산시 외삼미동 254-1,1,4.0,4.0,127.0517026,37.1968836
외삼미로,경기도 오산시 외삼미동 254-1,1,4.0,6.0,127.0517136,37.19687385
외삼미로,경기도 오산시 외삼미동 284-6,1,4.0,6.0,127.0583498,37.1913998
문시로,경기도 오산시 외삼미동 327-11,1,6.0,15.0,127.0589868,37.18945791
문시로,경기도 오산시 외삼미동 327-11,1,4.0,15.0,127.0589281,37.18945791
문시로,경기도 오산시 외삼미동 327-15,1,4.0,6.0,127.0595979,37.18939069
문시로,경기도 오산시 외삼미동 335-6,4,6.0,6.0,127.0562646,37.1897985
문시로,경기도 오산시 외삼미동 336-22,1,4.0,6.0,127.0570387,37.1893618
문시로,경기도 오산시 외삼미동 370-2,4,6.0,6.0,127.0555972,37.18977961
경기동로,경기도 오산시 오산동 926,1,6.0,21.0,127.0764307,37.15793034
운암로,경기도 오산시 오산동 935,1,6.0,18.0,127.0782457,37.1561135
운암로,경기도 오산시 오산동 935,1,6.0,18.0,127.0782457,37.1561135
운암로,경기도 오산시 오산동 935,1,6.0,18.0,127.0782457,37.1561135
운암로,경기도 오산시 오산동 935,1,6.0,19.0,127.078256,37.1561135
운암로,경기도 오산시 오산동 935,1,6.0,14.0,127.0782457,37.1561135
운암로,경기도 오산시 오산동 935,1,6.0,20.0,127.0782457,37.1561135
운암로,경기도 오산시 오산동 935,1,6.0,20.0,127.0782457,37.1561135
운암로,경기도 오산시 오산동 935,1,6.0,20.0,127.0782457,37.1561135
운천로,경기도 오산시 오산동 936,1,4.0,8.0,127.0748407,37.15505533
운천로,경기도 오산시 오산동 936,1,4.0,10.0,127.0748407,37.15505533
운천로,경기도 오산시 오산동 936,1,4.0,12.0,127.0748407,37.15505533
운천로,경기도 오산시 오산동 936,1,4.0,10.0,127.0748407,37.15505533
운천로,경기도 오산시 오산동 936,1,4.0,8.0,127.0748407,37.15505533
운천로,경기도 오산시 오산동 936,1,4.0,8.0,127.0748407,37.15505533
운천로,경기도 오산시 오산동 936,1,4.0,9.0,127.0748407,37.15505533
운천로,경기도 오산시 오산동 937,1,6.0,25.0,127.0745862,37.15127166
운천로,경기도 오산시 오산동 937,1,6.0,18.0,127.0745862,37.15127166
운천로,경기도 오산시 오산동 937,1,6.0,24.0,127.0745862,37.15127166
운천로,경기도 오산시 오산동 937,1,6.0,24.0,127.0745862,37.15127166
운천로,경기도 오산시 오산동 937,1,6.0,18.0,127.0745862,37.15127166
운천로,경기도 오산시 오산동 937,1,6.0,18.0,127.0745862,37.15127166
운천로,경기도 오산시 오산동 937,1,6.0,18.0,127.0745862,37.15127166
운천로,경기도 오산시 오산동 937,1,6.0,18.0,127.0745862,37.15127166
운천로,경기도 오산시 오산동 937,1,4.0,18.0,127.0745703,37.15127166
운천로,경기도 오산시 오산동 937,1,6.0,18.0,127.074547,37.15127166
운천로,경기도 오산시 오산동 937,1,6.0,18.0,127.074529,37.15127166
운천로,경기도 오산시 오산동 937,1,6.0,18.0,127.0745862,37.15127166
운천로,경기도 오산시 오산동 937,1,2.0,7.0,127.0745862,37.15127166
운천로,경기도 오산시 오산동 937,1,3.0,6.0,127.0745862,37.15127166
운천로,경기도 오산시 오산동 937,1,2.0,9.0,127.0745862,37.15127166
오산로,경기도 오산시 오산동 894,1,2.0,5.0,127.0691222,37.15089372
오산로,경기도 오산시 오산동 894,1,2.0,4.0,127.0691222,37.15089372
오산로,경기도 오산시 오산동 895,1,6.0,15.0,127.0687241,37.15197427
오산로,경기도 오산시 오산동 895,1,4.0,12.0,127.0687241,37.15197427
오산로,경기도 오산시 오산동 895,1,4.0,12.0,127.0687241,37.15197427
오산로,경기도 오산시 오산동 895,1,4.0,12.0,127.0687241,37.15197427
오산로,경기도 오산시 오산동 895,1,4.0,12.0,127.0687241,37.15197427
오산로289번길,경기도 오산시 오산동 896,1,2.0,4.0,127.0684337,37.15279436
성호대로55번길,경기도 오산시 오산동 897,1,2.0,3.0,127.068492,37.151781
오산로,경기도 오산시 오산동 899,1,2.0,3.0,127.0683336,37.149542
대원로,경기도 오산시 오산동 901,1,6.0,14.0,127.0684737,37.14761021
대원로,경기도 오산시 오산동 901,1,6.0,14.0,127.0684737,37.14761021
오산로,경기도 오산시 오산동 901,1,4.0,13.0,127.068463,37.14761021
오산로,경기도 오산시 오산동 901,1,2.0,3.0,127.0684737,37.14761021
오산로,경기도 오산시 오산동 901,1,5.0,13.0,127.068461,37.14761021
오산로,경기도 오산시 오산동 901,1,2.0,3.0,127.0684737,37.147666
오산로,경기도 오산시 오산동 901,1,4.0,12.0,127.068481,37.14761021
오산로,경기도 오산시 오산동 901,1,4.0,16.0,127.068492,37.14761021
역광장로,경기도 오산시 오산동 903-1,1,2.0,4.0,127.0680791,37.1465367
역광장로,경기도 오산시 오산동 903-1,1,8.0,16.0,127.0680791,37.1465367
오산로,경기도 오산시 오산동 903-2,1,2.0,16.0,127.0684215,37.14668214
오산로,경기도 오산시 오산동 903-2,1,5.0,14.0,127.068434,37.14668214
오산로,경기도 오산시 오산동 903-2,1,5.0,14.0,127.068462,37.146611
오산로,경기도 오산시 오산동 905,1,5.0,12.0,127.068491,37.14490647
오산로,경기도 오산시 오산동 905,1,8.0,12.0,127.068439,37.14490647
역광장로,경기도 오산시 오산동 906,1,6.0,8.0,127.0671342,37.14328093
오산로,경기도 오산시 오산동 906,1,8.0,10.0,127.0671342,37.14328093
오산로,경기도 오산시 오산동 906,1,5.0,10.0,127.0671342,37.14328093
역광장로,경기도 오산시 오산동 908,1,6.0,20.0,127.0685066,37.14303618
역광장로,경기도 오산시 오산동 908,1,2.0,15.0,127.0685066,37.14303618
경기동로,경기도 오산시 오산동 926,1,6.0,20.0,127.0764307,37.15793034
경기대로,경기도 오산시 오산동 62-8,4,6.0,6.0,127.073094,37.15564013
오산천로,경기도 오산시 오산동 63-15,1,5.0,10.0,127.0716914,37.15561307
경기대로,경기도 오산시 오산동 63-16,4,6.0,6.0,127.0726204,37.155577
경기대로,경기도 오산시 오산동 63-6,4,8.0,18.0,127.0729273,37.15553644
역광장로,경기도 오산시 오산동 682-8,1,6.0,20.0,127.0674608,37.14379145
역광장로,경기도 오산시 오산동 683-3,1,2.0,12.0,127.067526,37.14459337
경기대로,경기도 오산시 오산동 74-53,1,3.0,8.0,127.073364,37.15497479
경기동로,경기도 오산시 오산동 814-29,1,4.0,5.0,127.0762514,37.15939681
오산로,경기도 오산시 오산동 842-8,1,2.0,3.0,127.0684204,37.152367
오산로272번길,경기도 오산시 오산동 856-30,1,2.0,4.0,127.068652,37.151171
성호대로,경기도 오산시 오산동 890,1,5.0,20.0,127.0736985,37.15130161
성호대로,경기도 오산시 오산동 890,1,8.0,20.0,127.0736985,37.15130161
성호대로,경기도 오산시 오산동 890,1,3.0,3.0,127.0736985,37.15130161
성호대로,경기도 오산시 오산동 890,1,3.0,3.0,127.0736985,37.15130161
성호대로,경기도 오산시 오산동 890,1,3.0,4.0,127.0736985,37.15130161
성호대로,경기도 오산시 오산동 890,1,3.0,5.0,127.0736985,37.15130161
성호대로,경기도 오산시 오산동 890,1,7.0,18.0,127.0736985,37.15130161
성호대로,경기도 오산시 오산동 890,1,7.0,20.0,127.0736985,37.15130161
성호대로,경기도 오산시 오산동 890,1,8.0,22.0,127.0736985,37.15130161
경기대로,경기도 오산시 오산동 890,1,8.0,22.0,127.073625,37.15130161
경기대로,경기도 오산시 오산동 890,1,3.0,7.0,127.0736985,37.15130161
경기대로,경기도 오산시 오산동 890,1,3.0,4.0,127.0736985,37.15130161
경기대로,경기도 오산시 오산동 890,1,3.0,5.0,127.0736985,37.15130161
경기대로,경기도 오산시 오산동 890,1,3.0,5.0,127.0736985,37.15130161
경기대로,경기도 오산시 오산동 890,1,7.0,22.0,127.073684,37.15130161
경기대로,경기도 오산시 오산동 890,1,8.0,20.0,127.0736985,37.15130161
경기대로,경기도 오산시 오산동 890,1,2.0,7.0,127.073609,37.15130161
경기대로,경기도 오산시 오산동 890,1,2.0,25.0,127.073672,37.15130161
오산로290번길,경기도 오산시 오산동 891,1,2.0,4.0,127.0716406,37.15323018
성호대로93번길,경기도 오산시 오산동 893,1,3.0,6.0,127.0717208,37.15007556
오산로,경기도 오산시 오산동 894,1,2.0,4.0,127.0691222,37.15089372
경기대로,경기도 오산시 수청동 75,1,6.0,26.0,127.0676394,37.16233398
경기대로,경기도 오산시 오산동 120-3,1,6.0,18.0,127.073417,37.15440369
오산천로,경기도 오산시 오산동 341-3,1,5.0,10.0,127.0706829,37.155429
경기동로,경기도 오산시 오산동 34-21,1,3.0,22.0,127.076604,37.158217
경기대로,경기도 오산시 오산동 345-5,4,6.0,6.0,127.072312,37.155998
오산로,경기도 오산시 오산동 392-2,1,6.0,8.0,127.0685054,37.154536
오산로,경기도 오산시 오산동 403-6,1,2.0,8.0,127.0679818,37.153671
오산로,경기도 오산시 오산동 404-4,1,4.0,7.0,127.068646,37.1537302
오산로,경기도 오산시 오산동 406-2,1,4.0,7.0,127.068646,37.153588
오산로300번길,경기도 오산시 오산동 424-1,1,2.0,6.0,127.068741,37.15352152
오산천로,경기도 오산시 오산동 48-10,1,5.0,8.0,127.0689374,37.15511927
오산천로,경기도 오산시 오산동 48-10,1,5.0,8.0,127.0689374,37.15511927
오산천로,경기도 오산시 오산동 48-19,1,2.0,6.0,127.0683925,37.15482128
경기대로,경기도 오산시 오산동 49-1,4,6.0,6.0,127.0730428,37.156241
오산천로,경기도 오산시 오산동 503-69,1,4.0,8.0,127.0649889,37.1520301
오산천로,경기도 오산시 오산동 511-6,1,3.0,10.0,127.0636261,37.15022746
성호대로 43,경기도 오산시 오산동 524-1,1,2.0,5.0,127.0670421,37.1504447
경기동로,경기도 오산시 오산동 55,1,2.0,9.0,127.0732909,37.15595022
경기동로,경기도 오산시 오산동 55-3,1,3.0,7.0,127.0744076,37.15661283
경기동로,경기도 오산시 오산동 55-3,1,6.0,18.0,127.0744076,37.156628
경기동로,경기도 오산시 오산동 59-2,4,8.0,20.0,127.072917,37.1559307
경기대로,경기도 오산시 오산동 59-7,4,8.0,20.0,127.0725934,37.15618577
역광장로,경기도 오산시 오산동 603-160,1,3.0,24.0,127.0675375,37.14636847
역광장로,경기도 오산시 오산동 603-168,1,4.0,8.0,127.067659,37.14545672
성호대로,경기도 오산시 오산동 609-20,1,3.0,7.0,127.065271,37.149332
성호대로,경기도 오산시 오산동 609-20,1,7.0,20.0,127.065271,37.14930746
성호대로,경기도 오산시 오산동 609-20,1,3.0,7.0,127.065271,37.14930746
성호대로,경기도 오산시 오산동 612-37,1,7.0,20.0,127.064572,37.1493872
성호대로,경기도 오산시 오산동 614-1,1,7.0,20.0,127.0639767,37.14946285
오산천로,경기도 오산시 오산동 614-14,1,3.0,10.0,127.063554,37.14878613
오산천로,경기도 오산시 오산동 62-2,4,8.0,18.0,127.0725573,37.155816
청학로,경기도 오산시 수청동 613-1,1,8.0,17.0,127.0601237,37.17265938
청학로,경기도 오산시 수청동 613-2,1,8.0,17.0,127.0610939,37.16995124
청학로,경기도 오산시 수청동 613-2,1,8.0,17.0,127.0610939,37.16995124
청학로,경기도 오산시 수청동 614-1,1,8.0,10.0,127.0608218,37.17223354
청학로,경기도 오산시 수청동 614-1,1,6.0,10.0,127.0608218,37.17222195
청학로,경기도 오산시 수청동 614-1,1,6.0,10.0,127.0608218,37.17228712
청학로,경기도 오산시 수청동 614-2,1,4.0,8.0,127.0617544,37.17174736
청학로,경기도 오산시 수청동 614-2,1,4.0,8.0,127.0617544,37.17174736
경기대로,경기도 오산시 수청동 638,1,8.0,21.0,127.0637152,37.17027821
수청로,경기도 오산시 수청동 638-4,1,6.0,17.0,127.0604179,37.17491979
내삼미로,경기도 오산시 수청동 639,1,4.0,14.0,127.0665394,37.16878137
내삼미로,경기도 오산시 수청동 639,1,8.0,14.0,127.0665394,37.16878137
내삼미로,경기도 오산시 수청동 639,1,8.0,14.0,127.0665394,37.16878137
내삼미로,경기도 오산시 수청동 639,1,6.0,14.0,127.0665394,37.16878137
내삼미로,경기도 오산시 수청동 639,1,8.0,14.0,127.0665394,37.16878137
내삼미로,경기도 오산시 수청동 639,1,8.0,14.0,127.0665394,37.16878137
내삼미로,경기도 오산시 수청동 639-1,1,4.0,7.0,127.0673325,37.16957171
내삼미로,경기도 오산시 수청동 639-1,1,2.0,6.0,127.0673325,37.16957171
내삼미로,경기도 오산시 수청동 639-1,1,4.0,5.0,127.0673325,37.16953773
내삼미로,경기도 오산시 수청동 639-1,1,4.0,7.0,127.0673325,37.16957171
내삼미로79번길,경기도 오산시 수청동 640-2,1,4.0,5.0,127.0645969,37.16975514
내삼미로79번길,경기도 오산시 수청동 640-2,1,4.0,5.0,127.0645969,37.16975514
내삼미로79번길,경기도 오산시 수청동 640-2,1,4.0,8.0,127.0645969,37.16975514
내삼미로79번길,경기도 오산시 수청동 640-2,1,4.0,8.0,127.0645969,37.16975514
내삼미로79번길,경기도 오산시 수청동 640-4,1,4.0,10.0,127.0655631,37.16930904
내삼미로79번길,경기도 오산시 수청동 640-4,1,4.0,10.0,127.0655631,37.16933595
내삼미로79번길,경기도 오산시 수청동 640-4,1,4.0,10.0,127.0655631,37.16933595
내삼미로79번길,경기도 오산시 수청동 640-4,1,4.0,10.0,127.0655631,37.16935615
내삼미로79번길,경기도 오산시 수청동 640-4,1,4.0,10.0,127.0655631,37.16930904
현충로,경기도 오산시 수청동 69-15,1,6.0,11.0,127.0691953,37.1633463
경기대로,경기도 오산시 수청동 75,1,2.0,21.0,127.0676394,37.16233398
내삼미로48번길,경기도 오산시 수청동 5-1,1,4.0,14.0,127.0683069,37.16712566
매홀로,경기도 오산시 수청동 535,1,3.0,7.0,127.0620573,37.16505857
매홀로,경기도 오산시 수청동 535,1,2.0,8.0,127.0620573,37.16505857
청학로173번길,경기도 오산시 수청동 542,1,3.0,11.0,127.0607283,37.16341322
청학로173번길,경기도 오산시 수청동 542,1,3.0,8.0,127.0607283,37.16341322
청학로173번길,경기도 오산시 수청동 542,1,3.0,11.0,127.0607283,37.16341322
청학로173번길,경기도 오산시 수청동 542,1,3.0,7.0,127.0607283,37.16341322
청학로173번길,경기도 오산시 수청동 542,1,3.0,11.0,127.0607283,37.16341322
매홀로,경기도 오산시 수청동 542,1,3.0,11.0,127.0607283,37.16341322
매홀로,경기도 오산시 수청동 554,1,3.0,8.0,127.0627041,37.16288182
매홀로,경기도 오산시 수청동 554,1,3.0,8.0,127.0627041,37.16288182
매홀로,경기도 오산시 수청동 554,1,2.0,8.0,127.0627041,37.16288182
청학로,경기도 오산시 수청동 555,1,6.0,16.0,127.0639978,37.1641046
청학로,경기도 오산시 수청동 555,1,6.0,16.0,127.0639497,37.1641046
수청로,경기도 오산시 수청동 579,1,6.0,25.0,127.0585704,37.17213145
수청로,경기도 오산시 수청동 579,1,6.0,20.0,127.0585566,37.17213145
수청로,경기도 오산시 수청동 579,1,6.0,20.0,127.0585566,37.17213145
수청로,경기도 오산시 수청동 579,1,6.0,20.0,127.0585566,37.17213145
수청로,경기도 오산시 수청동 579,1,6.0,20.0,127.0585566,37.17213145
금암로,경기도 오산시 수청동 603,1,4.0,8.0,127.0522123,37.17209675
오산대역로,경기도 오산시 수청동 604,1,8.0,29.0,127.0595494,37.17025682
오산대역로,경기도 오산시 수청동 604,1,6.0,32.0,127.0595494,37.17025682
오산대역로,경기도 오산시 수청동 604,1,6.0,35.0,127.0595494,37.17025682
수청로,경기도 오산시 수청동 604-1,1,6.0,20.0,127.0587951,37.170474
오산대역로132번길,경기도 오산시 수청동 606,1,4.0,12.0,127.0600353,37.16907298
오산대역로132번길,경기도 오산시 수청동 606,1,4.0,15.0,127.0600353,37.16907298
오산대역로132번길,경기도 오산시 수청동 606,1,6.0,13.0,127.0600353,37.16907298
오산대역로,경기도 오산시 수청동 613,1,8.0,31.0,127.0616438,37.17063894
청학로,경기도 오산시 수청동 613-1,1,6.0,17.0,127.0601237,37.17265938
청학로,경기도 오산시 수청동 613-1,1,8.0,17.0,127.0601237,37.17265938
청학로,경기도 오산시 수청동 613-1,1,8.0,17.0,127.0601237,37.17265938
양산로,경기도 오산시 양산동 678,1,8.0,20.0,127.0298412,37.19676191
운천로,경기도 오산시 오산동 919-22,1,4.0,6.0,127.0772005,37.15628094
오산천로,경기도 오산시 오산동 816-157,1,6.0,20.0,127.063342,37.140222
운암로,경기도 오산시 오산동 920-3,1,4.0,8.0,127.0769323,37.15388223
은여울로,경기도 오산시 은계동 30-10,1,4.0,8.0,127.0750103,37.160929
수청로,경기도 오산시 내삼미동 861-10,2,4.0,31.0,127.0584695,37.17305839
성호대로,경기도 오산시 가수동 389-2,1,4.0,11.0,127.0621227,37.149533
세마역로,경기도 오산시 세교동 631-2,1,4.0,7.0,127.0414502,37.18711879
세마역로,경기도 오산시 세교동 631-2,1,4.0,12.0,127.0414502,37.18711879
세마역로,경기도 오산시 세교동 631-2,1,4.0,12.0,127.0414502,37.18711879
세마역로,경기도 오산시 세교동 631-4,1,4.0,10.0,127.0423948,37.18613995
오산로,경기도 오산시 궐동 49-22,1,4.0,7.0,127.0682536,37.15789865
오산로,경기도 오산시 원동 783-1,1,4.0,12.0,127.0693627,37.14374497
궐리사로,경기도 오산시 궐동 618-1,1,4.0,6.0,127.0561743,37.16122079
가수로,경기도 오산시 가수동 25,1,4.0,6.0,127.048594,37.147499
수청로,경기도 오산시 수청동 604-2,1,6.0,6.0,127.058827,37.170439
세남로,경기도 오산시 세교동 44-1,1,6.0,7.0,127.039203,37.190386
여계산로,경기도 오산시 금암동 518,1,8.0,5.0,127.045449,37.174575
오산천로,경기도 오산시 오산동 498-2,1,6.0,4.0,127.046588,37.152795
동부대로,경기도 오산시 청호동 330,1,6.0,13.0,127.0825762,37.13140871
동부대로,경기도 오산시 청호동 330,1,4.0,7.0,127.0825762,37.1314934
동부대로,경기도 오산시 청호동 330,1,7.0,14.0,127.0825762,37.1314934
동부대로,경기도 오산시 청호동 331,1,6.0,14.0,127.0798236,37.13193937
동부대로,경기도 오산시 청호동 331,1,6.0,16.0,127.0798236,37.13193937
청호로,경기도 오산시 청호동 332,1,6.0,10.0,127.0819032,37.13001458
청호로,경기도 오산시 청호동 332,1,6.0,8.0,127.0819032,37.13001458
청호로,경기도 오산시 청호동 332,1,3.0,10.0,127.0819352,37.1300734
청호로,경기도 오산시 청호동 336,1,2.0,10.0,127.0822438,37.13010791
청호로,경기도 오산시 청호동 339,1,6.0,18.0,127.0847003,37.13170382
남부대로,경기도 오산시 청호동 344,1,4.0,22.0,127.089204,37.12924559
엘지로,경기도 오산시 청호동 344,1,6.0,18.0,127.089204,37.12924559
엘지로,경기도 오산시 청호동 344,1,4.0,22.0,127.089204,37.12924559
엘지로,경기도 오산시 청호동 344,1,4.0,18.0,127.089204,37.12924559
엘지로,경기도 오산시 청호동 344,1,6.0,118.0,127.089204,37.12924559
남부대로,경기도 오산시 청호동 345,1,4.0,7.0,127.0861848,37.1290395
남부대로,경기도 오산시 청호동 346,4,4.0,9.0,127.0862913,37.13059144
남부대로,경기도 오산시 청호동 346,4,4.0,3.0,127.0862913,37.13059144
남부대로,경기도 오산시 청호동 346,1,4.0,9.0,127.0862913,37.13059144
남부대로,경기도 오산시 청호동 346,1,6.0,9.0,127.0862913,37.13059144
남부대로,경기도 오산시 청호동 346,1,6.0,8.0,127.0862913,37.13059144
남부대로,경기도 오산시 청호동 346,1,7.0,12.0,127.0862913,37.13059144
남부대로,경기도 오산시 청호동 346,1,6.0,8.0,127.0862913,37.13059144
남부대로,경기도 오산시 탑동 110-1,1,2.0,2.0,127.0497558,37.1352318
남부대로,경기도 오산시 탑동 192-1,1,2.0,2.0,127.0492567,37.13459706
남부대로,경기도 오산시 탑동 88-6,4,4.0,31.0,127.0541957,37.134189
남부대로,경기도 오산시 탑동 88-6,4,4.0,31.0,127.0541957,37.134189
남부대로,경기도 오산시 탑동 88-6,4,4.0,31.0,127.0541107,37.13415102
남부대로,경기도 오산시 탑동 88-6,4,4.0,6.0,127.0541957,37.13415102
남부대로,경기도 오산시 탑동 88-6,4,4.0,6.0,127.0541957,37.13415102
양산로,경기도 오산시 양산동 667-3,1,2.0,8.0,127.0321107,37.19721014
청학로,경기도 오산시 청학동 12-4,1,4.0,41.0,127.0631411,37.15348366
가장로,경기도 오산시 청학동 188-17,1,6.0,22.0,127.0590268,37.15121066
가장로,경기도 오산시 청학동 188-17,1,2.0,13.0,127.0590268,37.1512055
청학로,경기도 오산시 청학동 196-2,1,4.0,7.0,127.0602973,37.1510969
청학로,경기도 오산시 청학동 201-2,1,2.0,22.0,127.0591636,37.1513364
청학로,경기도 오산시 청학동 264-1,1,6.0,17.0,127.0631241,37.15309578
대호로,경기도 오산시 청학동 269-14,1,6.0,11.0,127.0576485,37.15490409
대호로,경기도 오산시 청학동 269-14,1,2.0,7.0,127.0576485,37.15490409
청학로,경기도 오산시 청학동 37-30,1,6.0,11.0,127.0620389,37.1510149
청학로,경기도 오산시 청학동 4-6,1,8.0,12.0,127.064714,37.15487158
대호로,경기도 오산시 청학동 52-2,1,2.0,7.0,127.0582091,37.1539386
대호로,경기도 오산시 청학동 52-2,1,2.0,4.0,127.0582091,37.1539386
대호로,경기도 오산시 청학동 52-2,1,2.0,8.0,127.0582091,37.1539386
대호로,경기도 오산시 청학동 52-2,1,6.0,11.0,127.0582091,37.1539386
대호로,경기도 오산시 청학동 52-2,1,2.0,16.0,127.0582091,37.1539386
대호로,경기도 오산시 청학동 52-2,1,2.0,11.0,127.0582091,37.1539386
대호로,경기도 오산시 청학동 52-2,1,7.0,12.0,127.0582091,37.1539386
대호로,경기도 오산시 청학동 58-1,1,4.0,8.0,127.0572845,37.1552162
가장로,경기도 오산시 청학동 77-32,1,4.0,18.0,127.0570813,37.15232645
가장로,경기도 오산시 청학동 77-33,1,4.0,17.0,127.0579717,37.15192748
엘지로,경기도 오산시 청호동 144-74,4,6.0,16.0,127.0870704,37.12829034
엘지로,경기도 오산시 청호동 144-74,4,6.0,13.0,127.0870704,37.12829034
엘지로,경기도 오산시 청호동 144-74,4,6.0,5.0,127.0870704,37.12829034
남부대로,경기도 오산시 청호동 164-10,1,4.0,17.0,127.0901133,37.13002949
남부대로,경기도 오산시 청호동 164-10,1,6.0,19.0,127.0901133,37.13002949
남부대로,경기도 오산시 청호동 327,1,4.0,9.0,127.0828617,37.12989833
청호로,경기도 오산시 청호동 327,1,6.0,15.0,127.0828617,37.12989833
청호로,경기도 오산시 청호동 327,1,6.0,13.0,127.0828617,37.12989833
청호로,경기도 오산시 청호동 327,1,4.0,11.0,127.0828617,37.12989833
청호로,경기도 오산시 청호동 327,1,6.0,15.0,127.0828617,37.12989833
청호로,경기도 오산시 청호동 327,1,6.0,15.0,127.0828617,37.12989833
가장산업서북로,경기도 오산시 지곶동 564-1,1,3.0,9.0,127.0298876,37.171123
가장산업서북로,경기도 오산시 지곶동 564-1,1,3.0,9.0,127.0298876,37.171136
가장산업서북로,경기도 오산시 지곶동 564-1,1,6.0,14.0,127.0298876,37.17115982
가장산업서북로,경기도 오산시 지곶동 564-2,1,6.0,16.0,127.028565,37.17202431
가장산업서북로,경기도 오산시 지곶동 564-2,1,2.0,7.0,127.028565,37.17202431
가장산업서북로,경기도 오산시 지곶동 564-2,1,3.0,10.0,127.028549,37.17202431
가장산업서북로,경기도 오산시 지곶동 564-2,1,2.0,8.0,127.028565,37.172053
배무니로,경기도 오산시 지곶동 568,1,1.0,15.0,127.0240598,37.17403107
배무니로,경기도 오산시 지곶동 568,1,6.0,13.0,127.0240598,37.17403107
배무니로,경기도 오산시 지곶동 570,1,6.0,13.0,127.0264428,37.172937
세마문학로,경기도 오산시 지곶동 572,1,6.0,15.0,127.0282756,37.17076323
세마문학로,경기도 오산시 지곶동 572,1,3.0,10.0,127.0282756,37.17076323
세마문학로,경기도 오산시 지곶동 572,1,6.0,15.0,127.0282756,37.17076323
세마문학로,경기도 오산시 지곶동 572,1,6.0,15.0,127.0282756,37.17076323
세마문학로,경기도 오산시 지곶동 572,1,6.0,15.0,127.0282756,37.17076323
세마문학로,경기도 오산시 지곶동 572,1,6.0,12.0,127.0282756,37.17076323
세마문학로,경기도 오산시 지곶동 572,1,2.0,10.0,127.0282756,37.17076323
세마문학로,경기도 오산시 지곶동 572,1,3.0,7.0,127.0282756,37.17076323
세마문학로,경기도 오산시 지곶동 572,1,6.0,13.0,127.0282756,37.17076323
세마문학로,경기도 오산시 지곶동 572,1,4.0,13.0,127.0282756,37.17076323
세마문학로,경기도 오산시 지곶동 572,1,6.0,13.0,127.0282756,37.17076323
지곶중앙로,경기도 오산시 지곶동 647,1,3.0,16.0,127.032041,37.181369
독산성로,경기도 오산시 지곶동 89-4,1,3.0,5.0,127.0285619,37.179814
지곶중앙로,경기도 오산시 지곶동 산 76-2,1,6.0,23.0,127.0315776,37.181282
독산성로,경기도 오산시 지곶동 산 77-1,1,2.0,15.0,127.0315964,37.181538
가장로,경기도 오산시 청학동 103-8,4,4.0,5.0,127.052674,37.15592027
가장로,경기도 오산시 청학동 103-8,4,4.0,9.0,127.052685,37.15592027
가장로,경기도 오산시 청학동 107-3,4,4.0,6.0,127.0532798,37.1548847
가장로,경기도 오산시 청학동 109-1,4,8.0,20.0,127.052712,37.15532629
가장로,경기도 오산시 청학동 112-3,4,6.0,23.0,127.0526077,37.15557018
청학로,경기도 오산시 청학동 11-7,1,6.0,12.0,127.0634565,37.1534785
경기대로416번길,경기도 오산시 은계동 53-10,4,2.0,8.0,127.0717689,37.16318807
경기대로416번길,경기도 오산시 은계동 53-12,4,2.0,15.0,127.0719696,37.16291838
경기대로,경기도 오산시 은계동 65,1,3.0,15.0,127.0695938,37.16011991
경기대로,경기도 오산시 은계동 65,1,6.0,24.0,127.0695938,37.16011991
경기대로,경기도 오산시 은계동 65,1,3.0,6.0,127.0695938,37.16011991
경기대로,경기도 오산시 은계동 65,1,3.0,10.0,127.0695938,37.16011991
현충로,경기도 오산시 은계동 7-23,1,8.0,12.0,127.0772686,37.16055478
은여울로,경기도 오산시 은계동 9-10,1,4.0,14.0,127.0757532,37.16165598
금곡로,경기도 오산시 은계동 9-10,1,4.0,14.0,127.0757532,37.16165598
경기대로,경기도 오산시 은계동 96-4,1,2.0,3.0,127.070465,37.15894946
경기대로,경기도 오산시 은계동 96-4,1,2.0,3.0,127.070465,37.158917
은여울로,경기도 오산시 은계동 97-1,1,4.0,4.0,127.0701316,37.15787164
은여울로,경기도 오산시 은계동 97-1,1,4.0,10.0,127.0701316,37.15787164
은여울로,경기도 오산시 은계동 99-8,1,2.0,3.0,127.0710059,37.15836714
은여울로,경기도 오산시 은계동 99-8,1,2.0,3.0,127.071087,37.15836714
독산성로,경기도 오산시 지곶동 290-7,1,6.0,4.0,127.0225938,37.17659936
지곶중앙로,경기도 오산시 지곶동 37-7,1,6.0,21.0,127.0270199,37.17821746
지곶중앙로,경기도 오산시 지곶동 37-7,1,6.0,12.0,127.0270199,37.17821746
지곶중앙로,경기도 오산시 지곶동 37-7,1,3.0,21.0,127.0270199,37.17821746
지곶중앙로,경기도 오산시 지곶동 37-7,1,6.0,21.0,127.0270199,37.17821746
독산성로,경기도 오산시 지곶동 37-7,1,3.0,8.0,127.0270199,37.17821746
독산성로,경기도 오산시 지곶동 37-7,1,3.0,6.0,127.0270199,37.17821746
지곶중앙로,경기도 오산시 지곶동 37-7,1,6.0,18.0,127.0270199,37.17821746
독산성로270번길,경기도 오산시 지곶동 37-7,1,3.0,7.0,127.0270199,37.17821746
지곶중앙로,경기도 오산시 지곶동 37-7,1,3.0,11.0,127.0270199,37.17821746
지곶중앙로,경기도 오산시 지곶동 37-7,1,6.0,19.0,127.0270199,37.17821746
배무니로,경기도 오산시 지곶동 464-1,1,3.0,8.0,127.024876,37.173284
가장산업서북로,경기도 오산시 지곶동 564,1,3.0,6.0,127.0319617,37.17020878
가장산업서북로,경기도 오산시 지곶동 564,1,8.0,18.0,127.0319617,37.17020878
가장산업서북로,경기도 오산시 지곶동 564,1,8.0,18.0,127.0319617,37.17020878
가장산업서북로,경기도 오산시 지곶동 564-1,1,6.0,12.0,127.0298876,37.17115982
원동로,경기도 오산시 원동 854,1,6.0,8.0,127.071931,37.13958063
원동로,경기도 오산시 원동 854,1,4.0,10.0,127.0719636,37.13958063
오산로160번길,경기도 오산시 원동 854,1,6.0,15.0,127.0719445,37.13958063
오산로160번길,경기도 오산시 원동 854,1,6.0,18.0,127.0719445,37.13958063
원동로,경기도 오산시 원동 854,1,4.0,6.0,127.071918,37.13958063
오산로160번길,경기도 오산시 원동 854,1,3.0,4.0,127.0719445,37.13958063
오산로,경기도 오산시 원동 857,1,6.0,19.0,127.0688395,37.13800299
오산로,경기도 오산시 원동 857,1,6.0,19.0,127.068865,37.13800299
오산로,경기도 오산시 원동 857,1,6.0,19.0,127.068809,37.13800299
오산로,경기도 오산시 원동 857,1,6.0,19.0,127.0688395,37.13800299
오산로160번길,경기도 오산시 원동 859,1,6.0,20.0,127.068815,37.1412376
경기대로,경기도 오산시 원동 903,1,5.0,5.0,127.0743509,37.13257861
경기대로,경기도 오산시 원동 903,1,3.0,5.0,127.074363,37.132569
경기대로,경기도 오산시 원동 903,1,3.0,5.0,127.0743509,37.13257861
경기대로,경기도 오산시 원동 903,1,3.0,10.0,127.0743509,37.13257861
경기대로,경기도 오산시 원동 903,1,5.0,9.0,127.0743509,37.13257861
경기대로,경기도 오산시 원동 904,1,5.0,10.0,127.0732569,37.1316201
경기대로,경기도 오산시 원동 904,1,3.0,10.0,127.0732569,37.1316605
경기대로,경기도 오산시 원동 904,1,5.0,10.0,127.0732569,37.13162465
경기대로,경기도 오산시 원동 904,1,7.0,13.0,127.0732569,37.1316223
경기대로,경기도 오산시 원동 904,1,2.0,11.0,127.0732569,37.1316853
부원로,경기도 오산시 원동 907,1,6.0,13.0,127.0865084,37.14180976
부원로,경기도 오산시 원동 908,4,4.0,12.0,127.0859319,37.14143524
부원로,경기도 오산시 원동 908,4,4.0,3.0,127.0859432,37.14153209
부원로,경기도 오산시 원동 909,1,6.0,13.0,127.0876765,37.14144297
부원로,경기도 오산시 원동 909,1,4.0,9.0,127.087955,37.141445
부원로,경기도 오산시 원동 909,1,6.0,13.0,127.0882983,37.14144476
현충로,경기도 오산시 은계동 111-22,1,4.0,14.0,127.075583,37.161738
은여울로,경기도 오산시 은계동 117,1,2.0,4.0,127.070433,37.15860119
현충로,경기도 오산시 은계동 18-6,4,6.0,13.0,127.0715456,37.16323411
현충로,경기도 오산시 은계동 18-9,1,6.0,13.0,127.0726289,37.16333712
대원로,경기도 오산시 원동 819,1,6.0,15.0,127.0762273,37.14737589
대원로,경기도 오산시 원동 819,1,6.0,15.0,127.0762273,37.14737589
대원로,경기도 오산시 원동 819,1,4.0,10.0,127.0762204,37.14737589
대원로,경기도 오산시 원동 819,1,6.0,15.0,127.0762273,37.14737589
운암로,경기도 오산시 원동 819,1,6.0,20.0,127.0762273,37.14737589
운암로,경기도 오산시 원동 819,1,6.0,20.0,127.076214,37.14737589
운암로,경기도 오산시 원동 819,1,6.0,18.0,127.076253,37.14737589
대원로,경기도 오산시 원동 820,1,7.0,30.0,127.0781347,37.14630053
동부대로,경기도 오산시 원동 820,1,7.0,30.0,127.078176,37.14630053
동부대로,경기도 오산시 원동 820,1,7.0,30.0,127.078149,37.14630053
동부대로,경기도 오산시 원동 821,4,6.0,5.0,127.0782375,37.14334067
동부대로,경기도 오산시 원동 821,3,6.0,30.0,127.078235,37.14334067
경부고속도로,경기도 오산시 원동 821,4,6.0,5.0,127.0782375,37.143314
운천로,경기도 오산시 원동 823,1,3.0,10.0,127.074309,37.14462897
운천로,경기도 오산시 원동 823,1,3.0,10.0,127.074321,37.14462897
운천로,경기도 오산시 원동 823,1,3.0,10.0,127.0743549,37.14462897
운천로,경기도 오산시 원동 824,1,5.0,5.0,127.0755031,37.144294
운천로,경기도 오산시 원동 824,1,3.0,5.0,127.0755031,37.144285
운천로,경기도 오산시 원동 824,2,5.0,5.0,127.0755031,37.144289
밀머리로,경기도 오산시 원동 825,1,3.0,5.0,127.0751218,37.1387822
오산로,경기도 오산시 원동 828,1,6.0,15.0,127.0686605,37.1414104
오산로132번길,경기도 오산시 원동 854,1,6.0,8.0,127.0719445,37.13958063
오산로132번길,경기도 오산시 원동 854,1,6.0,8.0,127.0719445,37.13958063
오산로132번길,경기도 오산시 원동 854,1,6.0,15.0,127.0719445,37.13958063
오산로132번길,경기도 오산시 원동 854,1,6.0,15.0,127.0719445,37.13958063
오산로132번길,경기도 오산시 원동 854,2,3.0,20.0,127.071969,37.13958063
오산로132번길,경기도 오산시 원동 854,1,4.0,8.0,127.0719445,37.13958063
오산로132번길,경기도 오산시 원동 854,1,6.0,15.0,127.0719445,37.13958063
원동로,경기도 오산시 원동 854,1,3.0,8.0,127.0719445,37.13958063
원동로,경기도 오산시 원동 854,1,3.0,10.0,127.0719445,37.13958063
원동로,경기도 오산시 원동 854,1,3.0,8.0,127.0719509,37.139543
대원로,경기도 오산시 원동 792,1,6.0,17.0,127.073524,37.14560421
대원로39번길,경기도 오산시 원동 792,1,2.0,4.0,127.073524,37.14560421
대원로,경기도 오산시 원동 792,1,5.0,15.0,127.073524,37.14560421
대원로,경기도 오산시 원동 792,1,2.0,4.0,127.073524,37.14560421
대원로,경기도 오산시 원동 792,1,5.0,15.0,127.073524,37.14560421
대원로,경기도 오산시 원동 792,1,2.0,5.0,127.073524,37.14560421
경기대로,경기도 오산시 원동 792,1,6.0,23.0,127.073553,37.14560421
오산로232번길,경기도 오산시 원동 792,1,2.0,5.0,127.073524,37.14560421
오산로232번길,경기도 오산시 원동 792,1,2.0,5.0,127.073524,37.14560421
경기대로,경기도 오산시 원동 792,1,8.0,23.0,127.073524,37.14560421
대원로39번길,경기도 오산시 원동 792,1,2.0,5.0,127.073524,37.14560421
대원로,경기도 오산시 원동 792,1,2.0,5.0,127.073524,37.14560421
남부대로,경기도 오산시 원동 808,4,6.0,30.0,127.0709337,37.135855
남부대로,경기도 오산시 원동 808,1,8.0,20.0,127.0709337,37.135873
남부대로,경기도 오산시 원동 808,4,4.0,22.0,127.0709337,37.135897
남부대로,경기도 오산시 원동 808,4,3.0,3.0,127.0709337,37.13585893
경기대로,경기도 오산시 원동 809,1,6.0,6.0,127.0721308,37.1346849
경기대로,경기도 오산시 원동 809,1,3.0,5.0,127.0721308,37.1346849
경기대로,경기도 오산시 원동 809,1,3.0,5.0,127.0721308,37.1346849
경기대로,경기도 오산시 원동 809,1,4.0,5.0,127.0721308,37.1346849
경기대로,경기도 오산시 원동 809,1,3.0,5.0,127.0721308,37.1346849
남부대로,경기도 오산시 원동 809,1,3.0,5.0,127.072139,37.1346849
경기대로,경기도 오산시 원동 809,1,3.0,5.0,127.0721308,37.1346849
운암로,경기도 오산시 원동 814-2,1,3.0,8.0,127.0764498,37.14741036
운천로,경기도 오산시 원동 817,1,7.0,18.0,127.074442,37.14758094
운천로,경기도 오산시 원동 817,1,7.0,18.0,127.0744601,37.14758094
운천로,경기도 오산시 원동 817,1,7.0,18.0,127.0744715,37.14758094
운천로,경기도 오산시 원동 817,1,7.0,18.0,127.074492,37.14758094
운암로,경기도 오산시 원동 818,1,3.0,8.0,127.0759126,37.147535
운천로,경기도 오산시 원동 818,1,3.0,8.0,127.0759126,37.147583
대원로,경기도 오산시 원동 819,1,6.0,15.0,127.0762273,37.14737589
남부대로,경기도 오산시 원동 640-6,1,8.0,9.0,127.0836491,37.13805639
남부대로,경기도 오산시 원동 643,1,8.0,16.0,127.0832276,37.13613232
남부대로,경기도 오산시 원동 644-3,1,6.0,8.0,127.0836302,37.13644156
남부대로,경기도 오산시 원동 644-3,1,4.0,9.0,127.0836398,37.13644156
남부대로,경기도 오산시 원동 644-8,1,4.0,6.0,127.084551,37.13592489
밀머리로,경기도 오산시 원동 653-26,1,3.0,5.0,127.0793511,37.13693327
밀머리로,경기도 오산시 원동 653-26,1,3.0,5.0,127.0793511,37.13693327
경기대로148번길,경기도 오산시 원동 653-26,1,3.0,5.0,127.0793511,37.13693327
경기대로,경기도 오산시 원동 653-26,1,3.0,6.0,127.0793511,37.13693327
밀머리로,경기도 오산시 원동 653-26,1,3.0,6.0,127.0793511,37.13693327
부원로,경기도 오산시 원동 733-2,1,4.0,22.0,127.0853945,37.14233721
오산로,경기도 오산시 원동 735-25,1,5.0,15.0,127.069061,37.13349121
남부대로362번길,경기도 오산시 원동 748,1,4.0,10.0,127.075894,37.13562678
남부대로362번길,경기도 오산시 원동 748,1,4.0,10.0,127.0758877,37.13562678
부원로,경기도 오산시 원동 78,1,8.0,14.0,127.0844574,37.14532275
부원로,경기도 오산시 원동 78,1,4.0,19.0,127.0844574,37.14532275
부원로,경기도 오산시 원동 78,1,8.0,16.0,127.0844574,37.14532275
오산로,경기도 오산시 원동 792,1,6.0,11.0,127.073524,37.14560421
오산로178번길,경기도 오산시 원동 792,1,3.0,5.0,127.073524,37.14560421
오산로,경기도 오산시 원동 792,1,6.0,11.0,127.073524,37.14560421
원동로,경기도 오산시 원동 792,1,8.0,25.0,127.073524,37.14560421
원동로,경기도 오산시 원동 792,1,8.0,25.0,127.073524,37.14560421
원동로,경기도 오산시 원동 792,1,2.0,4.0,127.073524,37.14560421
원동로,경기도 오산시 원동 792,1,2.0,9.0,127.073524,37.14560421
원동로,경기도 오산시 원동 792,1,8.0,25.0,127.073524,37.14560421
경기대로,경기도 오산시 원동 792,1,6.0,22.0,127.073524,37.14560421
경기대로,경기도 오산시 원동 792,1,2.0,14.0,127.073524,37.14560421
경기대로,경기도 오산시 원동 792,1,2.0,8.0,127.073524,37.14560421
경기대로,경기도 오산시 원동 792,1,2.0,6.0,127.073524,37.14560421
경기대로,경기도 오산시 원동 792,1,2.0,3.0,127.073524,37.14560421
경기대로,경기도 오산시 원동 792,1,7.0,22.0,127.0735302,37.14560421
동부대로,경기도 오산시 원동 541-59,4,6.0,20.0,127.078202,37.135995
동부대로,경기도 오산시 원동 541-59,4,6.0,20.0,127.078218,37.13591022
남부대로,경기도 오산시 원동 541-59,4,6.0,22.0,127.0782073,37.13591022
남부대로,경기도 오산시 원동 541-59,4,6.0,22.0,127.0782073,37.13591022
동부대로,경기도 오산시 원동 541-67,4,6.0,5.0,127.078019,37.135676
동부대로,경기도 오산시 원동 542-6,1,4.0,10.0,127.0782011,37.13663347
동부대로,경기도 오산시 원동 547-8,1,3.0,4.0,127.075759,37.13812519
동부대로,경기도 오산시 원동 547-8,1,3.0,5.0,127.0757311,37.13812519
동부대로,경기도 오산시 원동 547-8,1,3.0,3.0,127.0757311,37.13812519
동부대로,경기도 오산시 원동 547-8,1,3.0,3.0,127.0757311,37.13812519
동부대로,경기도 오산시 원동 548-3,1,3.0,5.0,127.075773,37.137761
동부대로,경기도 오산시 원동 551-1,1,3.0,5.0,127.0782233,37.13905623
동부대로,경기도 오산시 원동 551-1,1,6.0,25.0,127.078203,37.13905623
동부대로,경기도 오산시 원동 552-99,1,3.0,5.0,127.078035,37.140532
밀머리로1번길,경기도 오산시 원동 555-8,1,3.0,5.0,127.0755947,37.14028281
밀머리로1번길,경기도 오산시 원동 562-5,1,5.0,17.0,127.0763902,37.141669
밀머리로,경기도 오산시 원동 581-2,1,4.0,12.0,127.0778719,37.136953
밀머리로,경기도 오산시 원동 581-20,1,6.0,25.0,127.0782319,37.136928
밀머리로,경기도 오산시 원동 582-7,1,3.0,5.0,127.079185,37.136939
동부대로,경기도 오산시 원동 621-15,1,6.0,8.0,127.0843738,37.14015387
동부대로,경기도 오산시 원동 622-25,1,2.0,23.0,127.0823256,37.1398744
동부대로,경기도 오산시 원동 623-14,1,2.0,9.0,127.0835652,37.14066077
동부대로,경기도 오산시 원동 623-51,1,8.0,6.0,127.0836088,37.13993664
동부대로,경기도 오산시 원동 623-54,1,2.0,14.0,127.0831443,37.13977702
동부대로,경기도 오산시 원동 623-58,1,6.0,16.0,127.0834286,37.1398218
밀머리로,경기도 오산시 원동 634-4,1,3.0,20.0,127.0805581,37.13650718
말머리로,경기도 오산시 원동 634-4,1,2.0,6.0,127.0805581,37.13650718
남부대로,경기도 오산시 원동 638-11,1,6.0,7.0,127.0829512,37.1383491
남부대로,경기도 오산시 원동 639-24,1,6.0,11.0,127.0836428,37.1375497
남부대로,경기도 오산시 원동 639-29,1,6.0,11.0,127.0836381,37.1384881
남부대로,경기도 오산시 원동 639-3,1,5.0,7.0,127.083382,37.13835768
